name,slug,city,state,type,established_year,nirf_rank,nirf_category,naac_grade,rating,total_ratings,min_fees,max_fees,placement_percent,avg_package,highest_package,top_recruiters,courses_offered,website,ugc_approved,about,source
IIT Madras,iit-madras,Chennai,Tamil Nadu,GOVERNMENT,1959,1,Engineering,A,4.1,3290,215000,268879,97.5,28.4,210.0,TCS|Infosys|Wipro|Cognizant|Accenture,B.Tech Engineering|MBA|B.Sc,https://www.iit-madras.edu.in,True,"IIT Madras is a premier government institution located in Chennai, Tamil Nadu. Established in 1959, it is highly ranked in Engineering.",kaggle_fallback
IIT Delhi,iit-delhi,New Delhi,Delhi,GOVERNMENT,1961,2,Engineering,A+,4.2,3067,235000,328931,96.0,25.8,190.0,TCS|Infosys|Wipro|Cognizant|Accenture,B.Tech Engineering|MBA|B.Sc,https://www.iit-delhi.edu.in,True,"IIT Delhi is a premier government institution located in New Delhi, Delhi. Established in 1961, it is highly ranked in Engineering.",kaggle_fallback
IIT Bombay,iit-bombay,Mumbai,Maharashtra,GOVERNMENT,1958,3,Engineering,A+,4.8,3171,230000,341956,96.8,30.2,360.0,TCS|Infosys|Wipro|Cognizant|Accenture,B.Tech Engineering|MBA|B.Sc,https://www.iit-bombay.edu.in,True,"IIT Bombay is a premier government institution located in Mumbai, Maharashtra. Established in 1958, it is highly ranked in Engineering.",kaggle_fallback
IIT Kanpur,iit-kanpur,Kanpur,Uttar Pradesh,GOVERNMENT,1959,4,Engineering,A+,4.3,4723,220000,326288,95.0,24.5,190.0,TCS|Infosys|Wipro|Cognizant|Accenture,B.Tech Engineering|MBA|B.Sc,https://www.iit-kanpur.edu.in,True,"IIT Kanpur is a premier government institution located in Kanpur, Uttar Pradesh. Established in 1959, it is highly ranked in Engineering.",kaggle_fallback
IIT Roorkee,iit-roorkee,Roorkee,Uttarakhand,GOVERNMENT,1847,5,Engineering,A+,4.0,1787,225000,266473,93.5,22.0,130.0,TCS|Infosys|Wipro|Cognizant|Accenture,B.Tech Engineering|MBA|B.Sc,https://www.iit-roorkee.edu.in,True,"IIT Roorkee is a premier government institution located in Roorkee, Uttarakhand. Established in 1847, it is highly ranked in Engineering.",kaggle_fallback
IIT Kharagpur,iit-kharagpur,Kharagpur,West Bengal,GOVERNMENT,1951,6,Engineering,A,3.9,4620,215000,291615,92.0,20.5,260.0,TCS|Infosys|Wipro|Cognizant|Accenture,B.Tech Engineering|MBA|B.Sc,https://www.iit-kharagpur.edu.in,True,"IIT Kharagpur is a premier government institution located in Kharagpur, West Bengal. Established in 1951, it is highly ranked in Engineering.",kaggle_fallback
IIT Guwahati,iit-guwahati,Guwahati,Assam,GOVERNMENT,1994,7,Engineering,A,4.7,978,215000,300935,91.5,21.0,120.0,TCS|Infosys|Wipro|Cognizant|Accenture,B.Tech Engineering|MBA|B.Sc,https://www.iit-guwahati.edu.in,True,"IIT Guwahati is a premier government institution located in Guwahati, Assam. Established in 1994, it is highly ranked in Engineering.",kaggle_fallback
IIT Hyderabad,iit-hyderabad,Hyderabad,Telangana,GOVERNMENT,2008,8,Engineering,A++,3.7,3913,220000,272596,90.0,20.0,65.0,TCS|Infosys|Wipro|Cognizant|Accenture,B.Tech Engineering|MBA|B.Sc,https://www.iit-hyderabad.edu.in,True,"IIT Hyderabad is a premier government institution located in Hyderabad, Telangana. Established in 2008, it is highly ranked in Engineering.",kaggle_fallback
NIT Trichy,nit-trichy,Tiruchirappalli,Tamil Nadu,GOVERNMENT,1964,9,Engineering,A,4.6,945,150000,202886,92.5,12.5,50.0,TCS|Infosys|Wipro|Cognizant|Accenture,B.Tech Engineering|MBA|B.Sc,https://www.nit-trichy.edu.in,True,"NIT Trichy is a premier government institution located in Tiruchirappalli, Tamil Nadu. Established in 1964, it is highly ranked in Engineering.",kaggle_fallback
Jadavpur University,jadavpur-university,Kolkata,West Bengal,GOVERNMENT,1955,10,Engineering,A++,3.8,2924,10000,11177,90.0,10.0,85.0,TCS|Infosys|Wipro|Cognizant|Accenture,B.Tech Engineering|MBA|B.Sc,https://www.jadavpur-university.edu.in,True,"Jadavpur University is a premier government institution located in Kolkata, West Bengal. Established in 1955, it is highly ranked in Engineering.",kaggle_fallback
VIT Vellore,vit-vellore,Vellore,Tamil Nadu,PRIVATE,1984,11,Engineering,A++,4.6,476,198000,261927,88.0,8.5,102.0,TCS|Infosys|Wipro|Cognizant|Accenture,B.Tech Engineering|MBA|B.Sc,https://www.vit-vellore.edu.in,True,"VIT Vellore is a premier private institution located in Vellore, Tamil Nadu. Established in 1984, it is highly ranked in Engineering.",kaggle_fallback
NIT Surathkal,nit-surathkal,Mangalore,Karnataka,GOVERNMENT,1960,12,Engineering,A,4.1,469,140000,179315,91.0,11.5,45.0,TCS|Infosys|Wipro|Cognizant|Accenture,B.Tech Engineering|MBA|B.Sc,https://www.nit-surathkal.edu.in,True,"NIT Surathkal is a premier government institution located in Mangalore, Karnataka. Established in 1960, it is highly ranked in Engineering.",kaggle_fallback
Anna University,anna-university,Chennai,Tamil Nadu,GOVERNMENT,1978,13,Engineering,A,4.2,2847,50000,73275,85.0,7.5,36.0,TCS|Infosys|Wipro|Cognizant|Accenture,B.Tech Engineering|MBA|B.Sc,https://www.anna-university.edu.in,True,"Anna University is a premier government institution located in Chennai, Tamil Nadu. Established in 1978, it is highly ranked in Engineering.",kaggle_fallback
IIT Indore,iit-indore,Indore,Madhya Pradesh,GOVERNMENT,2009,14,Engineering,B++,3.5,1097,210000,288925,89.0,18.0,55.0,TCS|Infosys|Wipro|Cognizant|Accenture,B.Tech Engineering|MBA|B.Sc,https://www.iit-indore.edu.in,True,"IIT Indore is a premier government institution located in Indore, Madhya Pradesh. Established in 2009, it is highly ranked in Engineering.",kaggle_fallback
IIT BHU,iit-bhu,Varanasi,Uttar Pradesh,GOVERNMENT,1919,15,Engineering,B++,4.6,1614,215000,302151,90.5,19.5,115.0,TCS|Infosys|Wipro|Cognizant|Accenture,B.Tech Engineering|MBA|B.Sc,https://www.iit-bhu.edu.in,True,"IIT BHU is a premier government institution located in Varanasi, Uttar Pradesh. Established in 1919, it is highly ranked in Engineering.",kaggle_fallback
NIT Rourkela,nit-rourkela,Rourkela,Odisha,GOVERNMENT,1961,16,Engineering,A+,4.5,1845,145000,187164,88.5,10.0,42.0,TCS|Infosys|Wipro|Cognizant|Accenture,B.Tech Engineering|MBA|B.Sc,https://www.nit-rourkela.edu.in,True,"NIT Rourkela is a premier government institution located in Rourkela, Odisha. Established in 1961, it is highly ranked in Engineering.",kaggle_fallback
IIT (ISM) Dhanbad,iit-ism-dhanbad,Dhanbad,Jharkhand,GOVERNMENT,1926,17,Engineering,B++,3.9,4502,215000,269708,88.0,17.5,50.0,TCS|Infosys|Wipro|Cognizant|Accenture,B.Tech Engineering|MBA|B.Sc,https://www.iit-ism-dhanbad.edu.in,True,"IIT (ISM) Dhanbad is a premier government institution located in Dhanbad, Jharkhand. Established in 1926, it is highly ranked in Engineering.",kaggle_fallback
IIT Gandhinagar,iit-gandhinagar,Gandhinagar,Gujarat,GOVERNMENT,2008,18,Engineering,A,3.6,2787,220000,297766,87.0,16.0,45.0,TCS|Infosys|Wipro|Cognizant|Accenture,B.Tech Engineering|MBA|B.Sc,https://www.iit-gandhinagar.edu.in,True,"IIT Gandhinagar is a premier government institution located in Gandhinagar, Gujarat. Established in 2008, it is highly ranked in Engineering.",kaggle_fallback
Amrita Vishwa Vidyapeetham,amrita-vishwa-vidyapeetham,Coimbatore,Tamil Nadu,PRIVATE,1994,19,Engineering,A,4.1,1834,350000,477051,82.0,6.5,52.0,TCS|Infosys|Wipro|Cognizant|Accenture,B.Tech Engineering|MBA|B.Sc,https://www.amrita-vishwa-vidyapeetham.edu.in,True,"Amrita Vishwa Vidyapeetham is a premier private institution located in Coimbatore, Tamil Nadu. Established in 1994, it is highly ranked in Engineering.",kaggle_fallback
Thapar Institute,thapar-institute,Patiala,Punjab,PRIVATE,1956,20,Engineering,B++,3.5,1656,380000,435043,85.0,9.0,40.0,TCS|Infosys|Wipro|Cognizant|Accenture,B.Tech Engineering|MBA|B.Sc,https://www.thapar-institute.edu.in,True,"Thapar Institute is a premier private institution located in Patiala, Punjab. Established in 1956, it is highly ranked in Engineering.",kaggle_fallback
BITS Pilani,bits-pilani,Pilani,Rajasthan,PRIVATE,1964,25,Engineering,A,3.8,1029,450000,564125,95.5,18.5,130.0,TCS|Infosys|Wipro|Cognizant|Accenture,B.Tech Engineering|MBA|B.Sc,https://www.bits-pilani.edu.in,True,"BITS Pilani is a premier private institution located in Pilani, Rajasthan. Established in 1964, it is highly ranked in Engineering.",kaggle_fallback
IIIT Hyderabad,iiit-hyderabad,Hyderabad,Telangana,GOVERNMENT,1998,55,Engineering,A+,4.2,3782,300000,380085,98.0,30.0,85.0,TCS|Infosys|Wipro|Cognizant|Accenture,B.Tech Engineering|MBA|B.Sc,https://www.iiit-hyderabad.edu.in,True,"IIIT Hyderabad is a premier government institution located in Hyderabad, Telangana. Established in 1998, it is highly ranked in Engineering.",kaggle_fallback
DTU Delhi,dtu-delhi,New Delhi,Delhi,GOVERNMENT,1941,29,Engineering,A,4.1,4472,166000,230741,91.0,15.0,65.0,TCS|Infosys|Wipro|Cognizant|Accenture,B.Tech Engineering|MBA|B.Sc,https://www.dtu-delhi.edu.in,True,"DTU Delhi is a premier government institution located in New Delhi, Delhi. Established in 1941, it is highly ranked in Engineering.",kaggle_fallback
NSUT Delhi,nsut-delhi,New Delhi,Delhi,GOVERNMENT,1983,60,Engineering,A++,4.1,904,166000,204231,90.0,14.5,60.0,TCS|Infosys|Wipro|Cognizant|Accenture,B.Tech Engineering|MBA|B.Sc,https://www.nsut-delhi.edu.in,True,"NSUT Delhi is a premier government institution located in New Delhi, Delhi. Established in 1983, it is highly ranked in Engineering.",kaggle_fallback
IIIT Allahabad,iiit-allahabad,Prayagraj,Uttar Pradesh,GOVERNMENT,1999,89,Engineering,B++,4.6,4262,150000,175036,94.0,20.0,45.0,TCS|Infosys|Wipro|Cognizant|Accenture,B.Tech Engineering|MBA|B.Sc,https://www.iiit-allahabad.edu.in,True,"IIIT Allahabad is a premier government institution located in Prayagraj, Uttar Pradesh. Established in 1999, it is highly ranked in Engineering.",kaggle_fallback
AIIMS New Delhi,aiims-new-delhi,New Delhi,Delhi,GOVERNMENT,1956,1,Medical,A+,3.9,3018,1628,2321,99.0,12.0,24.0,TCS|Infosys|Wipro|Cognizant|Accenture,B.Tech Medical|MBA|B.Sc,https://www.aiims-new-delhi.edu.in,True,"AIIMS New Delhi is a premier government institution located in New Delhi, Delhi. Established in 1956, it is highly ranked in Medical.",kaggle_fallback
PGIMER,pgimer,Chandigarh,Chandigarh,GOVERNMENT,1962,2,Medical,B++,4.6,3278,4000,5912,98.0,15.0,30.0,TCS|Infosys|Wipro|Cognizant|Accenture,B.Tech Medical|MBA|B.Sc,https://www.pgimer.edu.in,True,"PGIMER is a premier government institution located in Chandigarh, Chandigarh. Established in 1962, it is highly ranked in Medical.",kaggle_fallback
CMC Vellore,cmc-vellore,Vellore,Tamil Nadu,PRIVATE,1900,3,Medical,A+,4.7,4038,50000,62304,95.0,10.0,20.0,TCS|Infosys|Wipro|Cognizant|Accenture,B.Tech Medical|MBA|B.Sc,https://www.cmc-vellore.edu.in,True,"CMC Vellore is a premier private institution located in Vellore, Tamil Nadu. Established in 1900, it is highly ranked in Medical.",kaggle_fallback
NIMHANS,nimhans,Bangalore,Karnataka,GOVERNMENT,1974,4,Medical,A+,3.7,4020,30000,41502,94.0,14.0,25.0,TCS|Infosys|Wipro|Cognizant|Accenture,B.Tech Medical|MBA|B.Sc,https://www.nimhans.edu.in,True,"NIMHANS is a premier government institution located in Bangalore, Karnataka. Established in 1974, it is highly ranked in Medical.",kaggle_fallback
JIPMER,jipmer,Puducherry,Puducherry,GOVERNMENT,1823,5,Medical,A+,4.5,2273,12000,14182,95.0,11.0,22.0,TCS|Infosys|Wipro|Cognizant|Accenture,B.Tech Medical|MBA|B.Sc,https://www.jipmer.edu.in,True,"JIPMER is a premier government institution located in Puducherry, Puducherry. Established in 1823, it is highly ranked in Medical.",kaggle_fallback
Amrita Vishwa Vidyapeetham,amrita-vishwa-vidyapeetham-kochi,Kochi,Kerala,PRIVATE,1998,6,Medical,A+,4.7,760,1800000,2315308,90.0,8.0,18.0,TCS|Infosys|Wipro|Cognizant|Accenture,B.Tech Medical|MBA|B.Sc,https://www.amrita-vishwa-vidyapeetham.edu.in,True,"Amrita Vishwa Vidyapeetham is a premier private institution located in Kochi, Kerala. Established in 1998, it is highly ranked in Medical.",kaggle_fallback
SGPGI,sgpgi,Lucknow,Uttar Pradesh,GOVERNMENT,1983,7,Medical,A,4.9,1091,45000,66617,92.0,14.0,25.0,TCS|Infosys|Wipro|Cognizant|Accenture,B.Tech Medical|MBA|B.Sc,https://www.sgpgi.edu.in,True,"SGPGI is a premier government institution located in Lucknow, Uttar Pradesh. Established in 1983, it is highly ranked in Medical.",kaggle_fallback
BHU Medical,bhu-medical,Varanasi,Uttar Pradesh,GOVERNMENT,1960,8,Medical,B++,4.0,1391,30000,44306,90.0,10.0,20.0,TCS|Infosys|Wipro|Cognizant|Accenture,B.Tech Medical|MBA|B.Sc,https://www.bhu-medical.edu.in,True,"BHU Medical is a premier government institution located in Varanasi, Uttar Pradesh. Established in 1960, it is highly ranked in Medical.",kaggle_fallback
KMC Manipal,kmc-manipal,Manipal,Karnataka,PRIVATE,1953,9,Medical,A++,4.3,3625,1400000,1811394,88.0,9.0,15.0,TCS|Infosys|Wipro|Cognizant|Accenture,B.Tech Medical|MBA|B.Sc,https://www.kmc-manipal.edu.in,True,"KMC Manipal is a premier private institution located in Manipal, Karnataka. Established in 1953, it is highly ranked in Medical.",kaggle_fallback
KGMU,kgmu,Lucknow,Uttar Pradesh,GOVERNMENT,1905,10,Medical,B++,3.5,1987,54000,80076,89.0,11.0,20.0,TCS|Infosys|Wipro|Cognizant|Accenture,B.Tech Medical|MBA|B.Sc,https://www.kgmu.edu.in,True,"KGMU is a premier government institution located in Lucknow, Uttar Pradesh. Established in 1905, it is highly ranked in Medical.",kaggle_fallback
IIM Ahmedabad,iim-ahmedabad,Ahmedabad,Gujarat,GOVERNMENT,1961,1,Management,A++,3.9,3287,2400000,3205294,100.0,33.0,150.0,TCS|Infosys|Wipro|Cognizant|Accenture,B.Tech Management|MBA|B.Sc,https://www.iim-ahmedabad.edu.in,True,"IIM Ahmedabad is a premier government institution located in Ahmedabad, Gujarat. Established in 1961, it is highly ranked in Management.",kaggle_fallback
IIM Bangalore,iim-bangalore,Bangalore,Karnataka,GOVERNMENT,1973,2,Management,A+,4.5,883,2400000,2884009,100.0,32.5,140.0,TCS|Infosys|Wipro|Cognizant|Accenture,B.Tech Management|MBA|B.Sc,https://www.iim-bangalore.edu.in,True,"IIM Bangalore is a premier government institution located in Bangalore, Karnataka. Established in 1973, it is highly ranked in Management.",kaggle_fallback
IIM Kozhikode,iim-kozhikode,Kozhikode,Kerala,GOVERNMENT,1996,3,Management,A++,4.4,4860,2000000,2541916,100.0,28.0,120.0,TCS|Infosys|Wipro|Cognizant|Accenture,B.Tech Management|MBA|B.Sc,https://www.iim-kozhikode.edu.in,True,"IIM Kozhikode is a premier government institution located in Kozhikode, Kerala. Established in 1996, it is highly ranked in Management.",kaggle_fallback
IIM Calcutta,iim-calcutta,Kolkata,West Bengal,GOVERNMENT,1961,4,Management,A,3.6,420,2300000,3129973,100.0,34.0,130.0,TCS|Infosys|Wipro|Cognizant|Accenture,B.Tech Management|MBA|B.Sc,https://www.iim-calcutta.edu.in,True,"IIM Calcutta is a premier government institution located in Kolkata, West Bengal. Established in 1961, it is highly ranked in Management.",kaggle_fallback
IIT Delhi DMS,iit-delhi-dms,New Delhi,Delhi,GOVERNMENT,1997,5,Management,A+,4.6,639,1000000,1232083,98.0,22.0,60.0,TCS|Infosys|Wipro|Cognizant|Accenture,B.Tech Management|MBA|B.Sc,https://www.iit-delhi-dms.edu.in,True,"IIT Delhi DMS is a premier government institution located in New Delhi, Delhi. Established in 1997, it is highly ranked in Management.",kaggle_fallback
IIM Lucknow,iim-lucknow,Lucknow,Uttar Pradesh,GOVERNMENT,1984,6,Management,A+,4.1,478,1900000,2713924,100.0,29.0,110.0,TCS|Infosys|Wipro|Cognizant|Accenture,B.Tech Management|MBA|B.Sc,https://www.iim-lucknow.edu.in,True,"IIM Lucknow is a premier government institution located in Lucknow, Uttar Pradesh. Established in 1984, it is highly ranked in Management.",kaggle_fallback
SPJIMR,spjimr,Mumbai,Maharashtra,PRIVATE,1981,7,Management,B++,4.4,3677,2000000,2920089,99.0,30.0,85.0,TCS|Infosys|Wipro|Cognizant|Accenture,B.Tech Management|MBA|B.Sc,https://www.spjimr.edu.in,True,"SPJIMR is a premier private institution located in Mumbai, Maharashtra. Established in 1981, it is highly ranked in Management.",kaggle_fallback
IIM Indore,iim-indore,Indore,Madhya Pradesh,GOVERNMENT,1996,8,Management,B++,4.7,4761,2100000,2734417,98.0,25.0,90.0,TCS|Infosys|Wipro|Cognizant|Accenture,B.Tech Management|MBA|B.Sc,https://www.iim-indore.edu.in,True,"IIM Indore is a premier government institution located in Indore, Madhya Pradesh. Established in 1996, it is highly ranked in Management.",kaggle_fallback
XLRI,xlri,Jamshedpur,Jharkhand,PRIVATE,1949,9,Management,B++,4.1,665,2300000,2938373,99.0,29.5,110.0,TCS|Infosys|Wipro|Cognizant|Accenture,B.Tech Management|MBA|B.Sc,https://www.xlri.edu.in,True,"XLRI is a premier private institution located in Jamshedpur, Jharkhand. Established in 1949, it is highly ranked in Management.",kaggle_fallback
IIT Bombay SJMSOM,iit-bombay-sjmsom,Mumbai,Maharashtra,GOVERNMENT,1995,10,Management,B++,3.9,4834,1200000,1464142,98.0,26.0,75.0,TCS|Infosys|Wipro|Cognizant|Accenture,B.Tech Management|MBA|B.Sc,https://www.iit-bombay-sjmsom.edu.in,True,"IIT Bombay SJMSOM is a premier government institution located in Mumbai, Maharashtra. Established in 1995, it is highly ranked in Management.",kaggle_fallback
Amity University Raipur 0,amity-university-raipur-0,Raipur,Chhattisgarh,PRIVATE,1965,64,Science,A+,3.8,4501,287225,338843,85.8,8.8,27.0,TCS|Infosys|Wipro|Cognizant|Accenture,B.Tech Science|MBA|B.Sc,https://www.amity-university-raipur-0.edu.in,True,"Amity University Raipur 0 is a premier private institution located in Raipur, Chhattisgarh. Established in 1965, it is highly ranked in Science.",kaggle_fallback
State University Raipur 1,state-university-raipur-1,Raipur,Chhattisgarh,GOVERNMENT,1976,125,Commerce,B++,4.3,2809,295298,379446,70.7,5.4,24.8,TCS|Infosys|Wipro|Cognizant|Accenture,B.Tech Commerce|MBA|B.Sc,https://www.state-university-raipur-1.edu.in,True,"State University Raipur 1 is a premier government institution located in Raipur, Chhattisgarh. Established in 1976, it is highly ranked in Commerce.",kaggle_fallback
State University Pune 2,state-university-pune-2,Pune,Maharashtra,DEEMED,2008,197,Law,A++,4.8,4875,181418,267420,94.5,13.9,29.9,TCS|Infosys|Wipro|Cognizant|Accenture,B.Tech Law|MBA|B.Sc,https://www.state-university-pune-2.edu.in,True,"State University Pune 2 is a premier deemed institution located in Pune, Maharashtra. Established in 2008, it is highly ranked in Law.",kaggle_fallback
State University Bhopal 3,state-university-bhopal-3,Bhopal,Madhya Pradesh,DEEMED,1997,112,Commerce,A,4.8,3714,129747,172809,71.3,6.5,13.1,TCS|Infosys|Wipro|Cognizant|Accenture,B.Tech Commerce|MBA|B.Sc,https://www.state-university-bhopal-3.edu.in,True,"State University Bhopal 3 is a premier deemed institution located in Bhopal, Madhya Pradesh. Established in 1997, it is highly ranked in Commerce.",kaggle_fallback
Amity University Patna 4,amity-university-patna-4,Patna,Bihar,PRIVATE,1940,135,Commerce,A,3.5,1084,405241,524632,61.7,9.3,24.7,TCS|Infosys|Wipro|Cognizant|Accenture,B.Tech Commerce|MBA|B.Sc,https://www.amity-university-patna-4.edu.in,True,"Amity University Patna 4 is a premier private institution located in Patna, Bihar. Established in 1940, it is highly ranked in Commerce.",kaggle_fallback
State University Patna 5,state-university-patna-5,Patna,Bihar,DEEMED,2009,189,Management,A++,3.5,3736,223784,334653,75.3,13.4,44.7,TCS|Infosys|Wipro|Cognizant|Accenture,B.Tech Management|MBA|B.Sc,https://www.state-university-patna-5.edu.in,True,"State University Patna 5 is a premier deemed institution located in Patna, Bihar. Established in 2009, it is highly ranked in Management.",kaggle_fallback
State University Raipur 6,state-university-raipur-6,Raipur,Chhattisgarh,GOVERNMENT,2011,74,Engineering,A+,3.6,2250,412892,471646,75.6,11.2,14.7,TCS|Infosys|Wipro|Cognizant|Accenture,B.Tech Engineering|MBA|B.Sc,https://www.state-university-raipur-6.edu.in,True,"State University Raipur 6 is a premier government institution located in Raipur, Chhattisgarh. Established in 2011, it is highly ranked in Engineering.",kaggle_fallback
State University Kochi 7,state-university-kochi-7,Kochi,Kerala,GOVERNMENT,2009,145,Engineering,A,4.5,2957,114051,125633,72.9,10.0,21.3,TCS|Infosys|Wipro|Cognizant|Accenture,B.Tech Engineering|MBA|B.Sc,https://www.state-university-kochi-7.edu.in,True,"State University Kochi 7 is a premier government institution located in Kochi, Kerala. Established in 2009, it is highly ranked in Engineering.",kaggle_fallback
State University Pune 8,state-university-pune-8,Pune,Maharashtra,DEEMED,1995,159,Engineering,B++,4.5,4823,243148,296303,93.6,11.8,31.3,TCS|Infosys|Wipro|Cognizant|Accenture,B.Tech Engineering|MBA|B.Sc,https://www.state-university-pune-8.edu.in,True,"State University Pune 8 is a premier deemed institution located in Pune, Maharashtra. Established in 1995, it is highly ranked in Engineering.",kaggle_fallback
Raipur Institute of Arts 9,raipur-institute-of-arts-9,Raipur,Chhattisgarh,PRIVATE,1943,163,Arts,A++,4.6,1697,279341,350251,61.5,9.2,21.5,TCS|Infosys|Wipro|Cognizant|Accenture,B.Tech Arts|MBA|B.Sc,https://www.raipur-institute-of-arts-9.edu.in,True,"Raipur Institute of Arts 9 is a premier private institution located in Raipur, Chhattisgarh. Established in 1943, it is highly ranked in Arts.",kaggle_fallback
Jaipur Institute of Arts 10,jaipur-institute-of-arts-10,Jaipur,Rajasthan,PRIVATE,1942,198,Arts,A+,3.8,2079,90749,132682,61.8,6.5,17.5,TCS|Infosys|Wipro|Cognizant|Accenture,B.Tech Arts|MBA|B.Sc,https://www.jaipur-institute-of-arts-10.edu.in,True,"Jaipur Institute of Arts 10 is a premier private institution located in Jaipur, Rajasthan. Established in 1942, it is highly ranked in Arts.",kaggle_fallback
Patna Institute of Medical 11,patna-institute-of-medical-11,Patna,Bihar,PRIVATE,1968,76,Medical,A++,4.3,3163,300137,365274,92.9,12.7,29.3,TCS|Infosys|Wipro|Cognizant|Accenture,B.Tech Medical|MBA|B.Sc,https://www.patna-institute-of-medical-11.edu.in,True,"Patna Institute of Medical 11 is a premier private institution located in Patna, Bihar. Established in 1968, it is highly ranked in Medical.",kaggle_fallback
State University Raipur 12,state-university-raipur-12,Raipur,Chhattisgarh,GOVERNMENT,1943,114,Engineering,B++,3.6,1828,391784,540613,81.2,5.6,42.6,TCS|Infosys|Wipro|Cognizant|Accenture,B.Tech Engineering|MBA|B.Sc,https://www.state-university-raipur-12.edu.in,True,"State University Raipur 12 is a premier government institution located in Raipur, Chhattisgarh. Established in 1943, it is highly ranked in Engineering.",kaggle_fallback
State University Nagpur 13,state-university-nagpur-13,Nagpur,Maharashtra,GOVERNMENT,1942,172,Medical,B++,3.9,2409,106158,121459,82.0,9.5,35.6,TCS|Infosys|Wipro|Cognizant|Accenture,B.Tech Medical|MBA|B.Sc,https://www.state-university-nagpur-13.edu.in,True,"State University Nagpur 13 is a premier government institution located in Nagpur, Maharashtra. Established in 1942, it is highly ranked in Medical.",kaggle_fallback
State University Raipur 14,state-university-raipur-14,Raipur,Chhattisgarh,GOVERNMENT,1992,53,Law,A+,4.0,4204,57817,82442,94.1,6.7,21.3,TCS|Infosys|Wipro|Cognizant|Accenture,B.Tech Law|MBA|B.Sc,https://www.state-university-raipur-14.edu.in,True,"State University Raipur 14 is a premier government institution located in Raipur, Chhattisgarh. Established in 1992, it is highly ranked in Law.",kaggle_fallback
Pune Institute of Medical 15,pune-institute-of-medical-15,Pune,Maharashtra,PRIVATE,1985,121,Medical,A,3.9,210,51228,60242,67.1,5.1,34.0,TCS|Infosys|Wipro|Cognizant|Accenture,B.Tech Medical|MBA|B.Sc,https://www.pune-institute-of-medical-15.edu.in,True,"Pune Institute of Medical 15 is a premier private institution located in Pune, Maharashtra. Established in 1985, it is highly ranked in Medical.",kaggle_fallback
State University Nagpur 16,state-university-nagpur-16,Nagpur,Maharashtra,GOVERNMENT,2012,71,Commerce,A++,4.2,161,261973,293876,80.1,13.7,38.5,TCS|Infosys|Wipro|Cognizant|Accenture,B.Tech Commerce|MBA|B.Sc,https://www.state-university-nagpur-16.edu.in,True,"State University Nagpur 16 is a premier government institution located in Nagpur, Maharashtra. Established in 2012, it is highly ranked in Commerce.",kaggle_fallback
State University Patna 17,state-university-patna-17,Patna,Bihar,GOVERNMENT,1961,96,Engineering,A,4.6,4448,278319,341499,80.8,8.6,21.4,TCS|Infosys|Wipro|Cognizant|Accenture,B.Tech Engineering|MBA|B.Sc,https://www.state-university-patna-17.edu.in,True,"State University Patna 17 is a premier government institution located in Patna, Bihar. Established in 1961, it is highly ranked in Engineering.",kaggle_fallback
State University Chandigarh 18,state-university-chandigarh-18,Chandigarh,Chandigarh,GOVERNMENT,1971,182,Science,A,3.6,2346,167425,232278,78.5,14.6,13.4,TCS|Infosys|Wipro|Cognizant|Accenture,B.Tech Science|MBA|B.Sc,https://www.state-university-chandigarh-18.edu.in,True,"State University Chandigarh 18 is a premier government institution located in Chandigarh, Chandigarh. Established in 1971, it is highly ranked in Science.",kaggle_fallback
Chandigarh Institute of Engineering 19,chandigarh-institute-of-engineering-19,Chandigarh,Chandigarh,PRIVATE,1965,123,Engineering,A,4.4,4048,262077,382205,75.6,8.8,23.3,TCS|Infosys|Wipro|Cognizant|Accenture,B.Tech Engineering|MBA|B.Sc,https://www.chandigarh-institute-of-engineering-19.edu.in,True,"Chandigarh Institute of Engineering 19 is a premier private institution located in Chandigarh, Chandigarh. Established in 1965, it is highly ranked in Engineering.",kaggle_fallback
State University Patna 20,state-university-patna-20,Patna,Bihar,GOVERNMENT,1977,143,Management,A++,4.5,1946,256676,306135,67.8,10.1,12.4,TCS|Infosys|Wipro|Cognizant|Accenture,B.Tech Management|MBA|B.Sc,https://www.state-university-patna-20.edu.in,True,"State University Patna 20 is a premier government institution located in Patna, Bihar. Established in 1977, it is highly ranked in Management.",kaggle_fallback
State University Jaipur 21,state-university-jaipur-21,Jaipur,Rajasthan,DEEMED,1963,167,Commerce,B++,4.3,155,323182,364064,67.9,12.1,39.3,TCS|Infosys|Wipro|Cognizant|Accenture,B.Tech Commerce|MBA|B.Sc,https://www.state-university-jaipur-21.edu.in,True,"State University Jaipur 21 is a premier deemed institution located in Jaipur, Rajasthan. Established in 1963, it is highly ranked in Commerce.",kaggle_fallback
State University Raipur 22,state-university-raipur-22,Raipur,Chhattisgarh,DEEMED,1956,183,Medical,A++,4.7,206,92645,134928,65.9,11.6,23.6,TCS|Infosys|Wipro|Cognizant|Accenture,B.Tech Medical|MBA|B.Sc,https://www.state-university-raipur-22.edu.in,True,"State University Raipur 22 is a premier deemed institution located in Raipur, Chhattisgarh. Established in 1956, it is highly ranked in Medical.",kaggle_fallback
State University Jaipur 23,state-university-jaipur-23,Jaipur,Rajasthan,DEEMED,1949,195,Commerce,B++,3.9,3964,206639,260638,84.8,5.8,34.5,TCS|Infosys|Wipro|Cognizant|Accenture,B.Tech Commerce|MBA|B.Sc,https://www.state-university-jaipur-23.edu.in,True,"State University Jaipur 23 is a premier deemed institution located in Jaipur, Rajasthan. Established in 1949, it is highly ranked in Commerce.",kaggle_fallback
State University Patna 24,state-university-patna-24,Patna,Bihar,DEEMED,1962,155,Commerce,A+,3.6,2976,267463,380971,61.4,7.9,16.5,TCS|Infosys|Wipro|Cognizant|Accenture,B.Tech Commerce|MBA|B.Sc,https://www.state-university-patna-24.edu.in,True,"State University Patna 24 is a premier deemed institution located in Patna, Bihar. Established in 1962, it is highly ranked in Commerce.",kaggle_fallback
State University Raipur 25,state-university-raipur-25,Raipur,Chhattisgarh,DEEMED,1984,80,Commerce,A++,3.6,3727,408549,530909,80.0,8.7,41.7,TCS|Infosys|Wipro|Cognizant|Accenture,B.Tech Commerce|MBA|B.Sc,https://www.state-university-raipur-25.edu.in,True,"State University Raipur 25 is a premier deemed institution located in Raipur, Chhattisgarh. Established in 1984, it is highly ranked in Commerce.",kaggle_fallback
Jaipur Institute of Medical 26,jaipur-institute-of-medical-26,Jaipur,Rajasthan,PRIVATE,2014,52,Medical,A++,4.7,2615,136293,163043,65.3,12.5,13.4,TCS|Infosys|Wipro|Cognizant|Accenture,B.Tech Medical|MBA|B.Sc,https://www.jaipur-institute-of-medical-26.edu.in,True,"Jaipur Institute of Medical 26 is a premier private institution located in Jaipur, Rajasthan. Established in 2014, it is highly ranked in Medical.",kaggle_fallback
State University Chandigarh 27,state-university-chandigarh-27,Chandigarh,Chandigarh,GOVERNMENT,1948,151,Engineering,A,3.8,1217,149362,200126,66.6,7.5,16.4,TCS|Infosys|Wipro|Cognizant|Accenture,B.Tech Engineering|MBA|B.Sc,https://www.state-university-chandigarh-27.edu.in,True,"State University Chandigarh 27 is a premier government institution located in Chandigarh, Chandigarh. Established in 1948, it is highly ranked in Engineering.",kaggle_fallback
Amity University Nagpur 28,amity-university-nagpur-28,Nagpur,Maharashtra,PRIVATE,1980,129,Medical,A+,4.3,1553,405132,490061,89.3,4.8,37.7,TCS|Infosys|Wipro|Cognizant|Accenture,B.Tech Medical|MBA|B.Sc,https://www.amity-university-nagpur-28.edu.in,True,"Amity University Nagpur 28 is a premier private institution located in Nagpur, Maharashtra. Established in 1980, it is highly ranked in Medical.",kaggle_fallback
Patna Institute of Law 29,patna-institute-of-law-29,Patna,Bihar,PRIVATE,1988,153,Law,A++,4.7,3127,140257,205274,73.3,9.1,11.3,TCS|Infosys|Wipro|Cognizant|Accenture,B.Tech Law|MBA|B.Sc,https://www.patna-institute-of-law-29.edu.in,True,"Patna Institute of Law 29 is a premier private institution located in Patna, Bihar. Established in 1988, it is highly ranked in Law.",kaggle_fallback
State University Patna 30,state-university-patna-30,Patna,Bihar,DEEMED,1965,85,Arts,A,4.7,3655,471184,619643,75.6,8.2,35.6,TCS|Infosys|Wipro|Cognizant|Accenture,B.Tech Arts|MBA|B.Sc,https://www.state-university-patna-30.edu.in,True,"State University Patna 30 is a premier deemed institution located in Patna, Bihar. Established in 1965, it is highly ranked in Arts.",kaggle_fallback
State University Bhopal 31,state-university-bhopal-31,Bhopal,Madhya Pradesh,DEEMED,1963,58,Arts,B++,3.8,4413,477287,596793,93.6,9.6,41.8,TCS|Infosys|Wipro|Cognizant|Accenture,B.Tech Arts|MBA|B.Sc,https://www.state-university-bhopal-31.edu.in,True,"State University Bhopal 31 is a premier deemed institution located in Bhopal, Madhya Pradesh. Established in 1963, it is highly ranked in Arts.",kaggle_fallback
Amity University Nagpur 32,amity-university-nagpur-32,Nagpur,Maharashtra,PRIVATE,1968,146,Science,A++,4.5,932,109443,134961,73.5,13.6,12.1,TCS|Infosys|Wipro|Cognizant|Accenture,B.Tech Science|MBA|B.Sc,https://www.amity-university-nagpur-32.edu.in,True,"Amity University Nagpur 32 is a premier private institution located in Nagpur, Maharashtra. Established in 1968, it is highly ranked in Science.",kaggle_fallback
State University Jaipur 33,state-university-jaipur-33,Jaipur,Rajasthan,GOVERNMENT,1993,104,Commerce,A+,3.7,2029,498749,586209,89.6,9.7,23.4,TCS|Infosys|Wipro|Cognizant|Accenture,B.Tech Commerce|MBA|B.Sc,https://www.state-university-jaipur-33.edu.in,True,"State University Jaipur 33 is a premier government institution located in Jaipur, Rajasthan. Established in 1993, it is highly ranked in Commerce.",kaggle_fallback
Chandigarh Institute of Arts 34,chandigarh-institute-of-arts-34,Chandigarh,Chandigarh,PRIVATE,1964,200,Arts,B++,4.4,2241,444499,556476,86.4,7.8,14.4,TCS|Infosys|Wipro|Cognizant|Accenture,B.Tech Arts|MBA|B.Sc,https://www.chandigarh-institute-of-arts-34.edu.in,True,"Chandigarh Institute of Arts 34 is a premier private institution located in Chandigarh, Chandigarh. Established in 1964, it is highly ranked in Arts.",kaggle_fallback
State University Nagpur 35,state-university-nagpur-35,Nagpur,Maharashtra,GOVERNMENT,2011,132,Management,A,4.5,729,179977,207172,71.4,7.7,24.7,TCS|Infosys|Wipro|Cognizant|Accenture,B.Tech Management|MBA|B.Sc,https://www.state-university-nagpur-35.edu.in,True,"State University Nagpur 35 is a premier government institution located in Nagpur, Maharashtra. Established in 2011, it is highly ranked in Management.",kaggle_fallback
Amity University Pune 36,amity-university-pune-36,Pune,Maharashtra,PRIVATE,1952,95,Management,A++,4.2,1335,334729,484568,74.7,7.8,16.9,TCS|Infosys|Wipro|Cognizant|Accenture,B.Tech Management|MBA|B.Sc,https://www.amity-university-pune-36.edu.in,True,"Amity University Pune 36 is a premier private institution located in Pune, Maharashtra. Established in 1952, it is highly ranked in Management.",kaggle_fallback
State University Patna 37,state-university-patna-37,Patna,Bihar,DEEMED,1987,114,Science,A,4.4,3962,219415,297027,77.5,9.3,35.3,TCS|Infosys|Wipro|Cognizant|Accenture,B.Tech Science|MBA|B.Sc,https://www.state-university-patna-37.edu.in,True,"State University Patna 37 is a premier deemed institution located in Patna, Bihar. Established in 1987, it is highly ranked in Science.",kaggle_fallback
Dehradun Institute of Commerce 38,dehradun-institute-of-commerce-38,Dehradun,Uttarakhand,PRIVATE,1973,128,Commerce,B++,3.5,2185,442431,658486,66.8,7.3,26.7,TCS|Infosys|Wipro|Cognizant|Accenture,B.Tech Commerce|MBA|B.Sc,https://www.dehradun-institute-of-commerce-38.edu.in,True,"Dehradun Institute of Commerce 38 is a premier private institution located in Dehradun, Uttarakhand. Established in 1973, it is highly ranked in Commerce.",kaggle_fallback
Patna Institute of Medical 39,patna-institute-of-medical-39,Patna,Bihar,PRIVATE,1985,145,Medical,A,4.5,2390,172671,224383,64.8,10.8,10.8,TCS|Infosys|Wipro|Cognizant|Accenture,B.Tech Medical|MBA|B.Sc,https://www.patna-institute-of-medical-39.edu.in,True,"Patna Institute of Medical 39 is a premier private institution located in Patna, Bihar. Established in 1985, it is highly ranked in Medical.",kaggle_fallback
Amity University Pune 40,amity-university-pune-40,Pune,Maharashtra,PRIVATE,1983,121,Management,A,4.8,4801,448300,535578,73.0,4.0,14.9,TCS|Infosys|Wipro|Cognizant|Accenture,B.Tech Management|MBA|B.Sc,https://www.amity-university-pune-40.edu.in,True,"Amity University Pune 40 is a premier private institution located in Pune, Maharashtra. Established in 1983, it is highly ranked in Management.",kaggle_fallback
Pune Institute of Commerce 41,pune-institute-of-commerce-41,Pune,Maharashtra,PRIVATE,1995,83,Commerce,A+,3.6,621,299676,413331,91.8,7.9,40.2,TCS|Infosys|Wipro|Cognizant|Accenture,B.Tech Commerce|MBA|B.Sc,https://www.pune-institute-of-commerce-41.edu.in,True,"Pune Institute of Commerce 41 is a premier private institution located in Pune, Maharashtra. Established in 1995, it is highly ranked in Commerce.",kaggle_fallback
Jaipur Institute of Management 42,jaipur-institute-of-management-42,Jaipur,Rajasthan,PRIVATE,1974,56,Management,A++,3.5,3034,169238,211128,69.2,12.0,26.0,TCS|Infosys|Wipro|Cognizant|Accenture,B.Tech Management|MBA|B.Sc,https://www.jaipur-institute-of-management-42.edu.in,True,"Jaipur Institute of Management 42 is a premier private institution located in Jaipur, Rajasthan. Established in 1974, it is highly ranked in Management.",kaggle_fallback
State University Kochi 43,state-university-kochi-43,Kochi,Kerala,DEEMED,2001,181,Engineering,B++,3.6,3884,102227,119016,61.6,6.1,14.2,TCS|Infosys|Wipro|Cognizant|Accenture,B.Tech Engineering|MBA|B.Sc,https://www.state-university-kochi-43.edu.in,True,"State University Kochi 43 is a premier deemed institution located in Kochi, Kerala. Established in 2001, it is highly ranked in Engineering.",kaggle_fallback
State University Jaipur 44,state-university-jaipur-44,Jaipur,Rajasthan,GOVERNMENT,1995,127,Management,A,4.1,726,415584,529167,81.0,7.3,10.7,TCS|Infosys|Wipro|Cognizant|Accenture,B.Tech Management|MBA|B.Sc,https://www.state-university-jaipur-44.edu.in,True,"State University Jaipur 44 is a premier government institution located in Jaipur, Rajasthan. Established in 1995, it is highly ranked in Management.",kaggle_fallback
State University Nagpur 45,state-university-nagpur-45,Nagpur,Maharashtra,GOVERNMENT,1958,155,Engineering,B++,3.8,220,376895,444213,65.3,12.8,20.5,TCS|Infosys|Wipro|Cognizant|Accenture,B.Tech Engineering|MBA|B.Sc,https://www.state-university-nagpur-45.edu.in,True,"State University Nagpur 45 is a premier government institution located in Nagpur, Maharashtra. Established in 1958, it is highly ranked in Engineering.",kaggle_fallback
State University Kochi 46,state-university-kochi-46,Kochi,Kerala,GOVERNMENT,1979,126,Engineering,A,4.1,389,283224,319436,87.0,10.3,34.2,TCS|Infosys|Wipro|Cognizant|Accenture,B.Tech Engineering|MBA|B.Sc,https://www.state-university-kochi-46.edu.in,True,"State University Kochi 46 is a premier government institution located in Kochi, Kerala. Established in 1979, it is highly ranked in Engineering.",kaggle_fallback
Raipur Institute of Management 47,raipur-institute-of-management-47,Raipur,Chhattisgarh,PRIVATE,1966,193,Management,B++,3.6,3165,422412,548508,67.1,9.1,21.0,TCS|Infosys|Wipro|Cognizant|Accenture,B.Tech Management|MBA|B.Sc,https://www.raipur-institute-of-management-47.edu.in,True,"Raipur Institute of Management 47 is a premier private institution located in Raipur, Chhattisgarh. Established in 1966, it is highly ranked in Management.",kaggle_fallback
Amity University Nagpur 48,amity-university-nagpur-48,Nagpur,Maharashtra,PRIVATE,1963,132,Engineering,B++,4.5,562,69972,96931,79.3,4.8,30.6,TCS|Infosys|Wipro|Cognizant|Accenture,B.Tech Engineering|MBA|B.Sc,https://www.amity-university-nagpur-48.edu.in,True,"Amity University Nagpur 48 is a premier private institution located in Nagpur, Maharashtra. Established in 1963, it is highly ranked in Engineering.",kaggle_fallback
Patna Institute of Arts 49,patna-institute-of-arts-49,Patna,Bihar,PRIVATE,1962,102,Arts,B++,4.3,2498,87924,100005,85.5,13.1,42.9,TCS|Infosys|Wipro|Cognizant|Accenture,B.Tech Arts|MBA|B.Sc,https://www.patna-institute-of-arts-49.edu.in,True,"Patna Institute of Arts 49 is a premier private institution located in Patna, Bihar. Established in 1962, it is highly ranked in Arts.",kaggle_fallback
State University Bhopal 50,state-university-bhopal-50,Bhopal,Madhya Pradesh,DEEMED,1950,144,Commerce,A+,4.4,3239,316410,365097,81.6,5.8,25.5,TCS|Infosys|Wipro|Cognizant|Accenture,B.Tech Commerce|MBA|B.Sc,https://www.state-university-bhopal-50.edu.in,True,"State University Bhopal 50 is a premier deemed institution located in Bhopal, Madhya Pradesh. Established in 1950, it is highly ranked in Commerce.",kaggle_fallback
State University Pune 51,state-university-pune-51,Pune,Maharashtra,DEEMED,2013,73,Commerce,A++,4.5,4678,77228,106592,83.6,9.3,37.7,TCS|Infosys|Wipro|Cognizant|Accenture,B.Tech Commerce|MBA|B.Sc,https://www.state-university-pune-51.edu.in,True,"State University Pune 51 is a premier deemed institution located in Pune, Maharashtra. Established in 2013, it is highly ranked in Commerce.",kaggle_fallback
Amity University Bhopal 52,amity-university-bhopal-52,Bhopal,Madhya Pradesh,PRIVATE,1959,152,Commerce,A++,4.9,3134,342910,405397,73.1,4.9,35.6,TCS|Infosys|Wipro|Cognizant|Accenture,B.Tech Commerce|MBA|B.Sc,https://www.amity-university-bhopal-52.edu.in,True,"Amity University Bhopal 52 is a premier private institution located in Bhopal, Madhya Pradesh. Established in 1959, it is highly ranked in Commerce.",kaggle_fallback
Dehradun Institute of Management 53,dehradun-institute-of-management-53,Dehradun,Uttarakhand,PRIVATE,1962,149,Management,A,4.8,2604,254793,300881,86.3,5.9,13.4,TCS|Infosys|Wipro|Cognizant|Accenture,B.Tech Management|MBA|B.Sc,https://www.dehradun-institute-of-management-53.edu.in,True,"Dehradun Institute of Management 53 is a premier private institution located in Dehradun, Uttarakhand. Established in 1962, it is highly ranked in Management.",kaggle_fallback
Bhopal Institute of Medical 54,bhopal-institute-of-medical-54,Bhopal,Madhya Pradesh,PRIVATE,1963,162,Medical,A,3.8,1162,391319,566437,78.3,6.1,13.9,TCS|Infosys|Wipro|Cognizant|Accenture,B.Tech Medical|MBA|B.Sc,https://www.bhopal-institute-of-medical-54.edu.in,True,"Bhopal Institute of Medical 54 is a premier private institution located in Bhopal, Madhya Pradesh. Established in 1963, it is highly ranked in Medical.",kaggle_fallback
State University Patna 55,state-university-patna-55,Patna,Bihar,GOVERNMENT,1960,140,Engineering,A++,4.3,747,52785,65601,90.1,11.1,23.9,TCS|Infosys|Wipro|Cognizant|Accenture,B.Tech Engineering|MBA|B.Sc,https://www.state-university-patna-55.edu.in,True,"State University Patna 55 is a premier government institution located in Patna, Bihar. Established in 1960, it is highly ranked in Engineering.",kaggle_fallback
State University Patna 56,state-university-patna-56,Patna,Bihar,GOVERNMENT,1983,67,Law,A++,4.1,3893,400875,518221,68.1,7.6,41.2,TCS|Infosys|Wipro|Cognizant|Accenture,B.Tech Law|MBA|B.Sc,https://www.state-university-patna-56.edu.in,True,"State University Patna 56 is a premier government institution located in Patna, Bihar. Established in 1983, it is highly ranked in Law.",kaggle_fallback
State University Dehradun 57,state-university-dehradun-57,Dehradun,Uttarakhand,DEEMED,1994,169,Engineering,A++,4.2,612,404189,549834,66.2,8.2,10.8,TCS|Infosys|Wipro|Cognizant|Accenture,B.Tech Engineering|MBA|B.Sc,https://www.state-university-dehradun-57.edu.in,True,"State University Dehradun 57 is a premier deemed institution located in Dehradun, Uttarakhand. Established in 1994, it is highly ranked in Engineering.",kaggle_fallback
Kochi Institute of Arts 58,kochi-institute-of-arts-58,Kochi,Kerala,PRIVATE,1991,192,Arts,A++,4.1,1379,94549,132515,87.7,13.0,26.0,TCS|Infosys|Wipro|Cognizant|Accenture,B.Tech Arts|MBA|B.Sc,https://www.kochi-institute-of-arts-58.edu.in,True,"Kochi Institute of Arts 58 is a premier private institution located in Kochi, Kerala. Established in 1991, it is highly ranked in Arts.",kaggle_fallback
Patna Institute of Science 59,patna-institute-of-science-59,Patna,Bihar,PRIVATE,1963,164,Science,A,3.9,819,330416,484869,87.4,5.2,10.5,TCS|Infosys|Wipro|Cognizant|Accenture,B.Tech Science|MBA|B.Sc,https://www.patna-institute-of-science-59.edu.in,True,"Patna Institute of Science 59 is a premier private institution located in Patna, Bihar. Established in 1963, it is highly ranked in Science.",kaggle_fallback
State University Patna 60,state-university-patna-60,Patna,Bihar,DEEMED,1988,119,Management,A+,4.1,2874,94269,123103,81.2,7.4,17.5,TCS|Infosys|Wipro|Cognizant|Accenture,B.Tech Management|MBA|B.Sc,https://www.state-university-patna-60.edu.in,True,"State University Patna 60 is a premier deemed institution located in Patna, Bihar. Established in 1988, it is highly ranked in Management.",kaggle_fallback
State University Kochi 61,state-university-kochi-61,Kochi,Kerala,DEEMED,2000,128,Medical,A+,4.8,2430,147597,165325,92.3,12.9,10.6,TCS|Infosys|Wipro|Cognizant|Accenture,B.Tech Medical|MBA|B.Sc,https://www.state-university-kochi-61.edu.in,True,"State University Kochi 61 is a premier deemed institution located in Kochi, Kerala. Established in 2000, it is highly ranked in Medical.",kaggle_fallback
Bhopal Institute of Law 62,bhopal-institute-of-law-62,Bhopal,Madhya Pradesh,PRIVATE,1995,164,Law,A+,4.7,1274,480190,693626,76.5,12.9,11.6,TCS|Infosys|Wipro|Cognizant|Accenture,B.Tech Law|MBA|B.Sc,https://www.bhopal-institute-of-law-62.edu.in,True,"Bhopal Institute of Law 62 is a premier private institution located in Bhopal, Madhya Pradesh. Established in 1995, it is highly ranked in Law.",kaggle_fallback
State University Nagpur 63,state-university-nagpur-63,Nagpur,Maharashtra,GOVERNMENT,1969,160,Commerce,B++,4.5,2639,141590,170095,62.2,14.1,29.2,TCS|Infosys|Wipro|Cognizant|Accenture,B.Tech Commerce|MBA|B.Sc,https://www.state-university-nagpur-63.edu.in,True,"State University Nagpur 63 is a premier government institution located in Nagpur, Maharashtra. Established in 1969, it is highly ranked in Commerce.",kaggle_fallback
Amity University Jaipur 64,amity-university-jaipur-64,Jaipur,Rajasthan,PRIVATE,1945,152,Law,A+,4.1,1233,101121,118464,67.9,12.1,13.0,TCS|Infosys|Wipro|Cognizant|Accenture,B.Tech Law|MBA|B.Sc,https://www.amity-university-jaipur-64.edu.in,True,"Amity University Jaipur 64 is a premier private institution located in Jaipur, Rajasthan. Established in 1945, it is highly ranked in Law.",kaggle_fallback
State University Patna 65,state-university-patna-65,Patna,Bihar,GOVERNMENT,1947,167,Arts,A++,4.5,3838,338955,454989,60.2,5.9,28.9,TCS|Infosys|Wipro|Cognizant|Accenture,B.Tech Arts|MBA|B.Sc,https://www.state-university-patna-65.edu.in,True,"State University Patna 65 is a premier government institution located in Patna, Bihar. Established in 1947, it is highly ranked in Arts.",kaggle_fallback
Jaipur Institute of Engineering 66,jaipur-institute-of-engineering-66,Jaipur,Rajasthan,PRIVATE,2008,110,Engineering,A+,4.2,4869,190173,278833,93.0,11.7,44.6,TCS|Infosys|Wipro|Cognizant|Accenture,B.Tech Engineering|MBA|B.Sc,https://www.jaipur-institute-of-engineering-66.edu.in,True,"Jaipur Institute of Engineering 66 is a premier private institution located in Jaipur, Rajasthan. Established in 2008, it is highly ranked in Engineering.",kaggle_fallback
State University Bhopal 67,state-university-bhopal-67,Bhopal,Madhya Pradesh,GOVERNMENT,1970,168,Medical,B++,4.8,277,107935,147172,86.4,13.2,44.6,TCS|Infosys|Wipro|Cognizant|Accenture,B.Tech Medical|MBA|B.Sc,https://www.state-university-bhopal-67.edu.in,True,"State University Bhopal 67 is a premier government institution located in Bhopal, Madhya Pradesh. Established in 1970, it is highly ranked in Medical.",kaggle_fallback
Amity University Pune 68,amity-university-pune-68,Pune,Maharashtra,PRIVATE,1964,130,Arts,A++,3.8,782,211960,294118,63.3,5.3,37.6,TCS|Infosys|Wipro|Cognizant|Accenture,B.Tech Arts|MBA|B.Sc,https://www.amity-university-pune-68.edu.in,True,"Amity University Pune 68 is a premier private institution located in Pune, Maharashtra. Established in 1964, it is highly ranked in Arts.",kaggle_fallback
State University Pune 69,state-university-pune-69,Pune,Maharashtra,GOVERNMENT,2010,190,Arts,A++,4.4,2240,222646,304060,83.2,14.3,27.7,TCS|Infosys|Wipro|Cognizant|Accenture,B.Tech Arts|MBA|B.Sc,https://www.state-university-pune-69.edu.in,True,"State University Pune 69 is a premier government institution located in Pune, Maharashtra. Established in 2010, it is highly ranked in Arts.",kaggle_fallback
State University Dehradun 70,state-university-dehradun-70,Dehradun,Uttarakhand,DEEMED,1951,93,Engineering,A+,4.5,4579,257487,361036,90.4,8.6,34.1,TCS|Infosys|Wipro|Cognizant|Accenture,B.Tech Engineering|MBA|B.Sc,https://www.state-university-dehradun-70.edu.in,True,"State University Dehradun 70 is a premier deemed institution located in Dehradun, Uttarakhand. Established in 1951, it is highly ranked in Engineering.",kaggle_fallback
State University Dehradun 71,state-university-dehradun-71,Dehradun,Uttarakhand,GOVERNMENT,1962,183,Medical,A++,4.5,2048,96374,107598,73.7,11.0,36.6,TCS|Infosys|Wipro|Cognizant|Accenture,B.Tech Medical|MBA|B.Sc,https://www.state-university-dehradun-71.edu.in,True,"State University Dehradun 71 is a premier government institution located in Dehradun, Uttarakhand. Established in 1962, it is highly ranked in Medical.",kaggle_fallback
State University Chandigarh 72,state-university-chandigarh-72,Chandigarh,Chandigarh,DEEMED,1978,98,Science,A,4.2,3737,130514,156594,73.0,14.9,30.2,TCS|Infosys|Wipro|Cognizant|Accenture,B.Tech Science|MBA|B.Sc,https://www.state-university-chandigarh-72.edu.in,True,"State University Chandigarh 72 is a premier deemed institution located in Chandigarh, Chandigarh. Established in 1978, it is highly ranked in Science.",kaggle_fallback
State University Patna 73,state-university-patna-73,Patna,Bihar,GOVERNMENT,1956,57,Law,A,3.8,1472,302184,386328,81.8,14.7,33.0,TCS|Infosys|Wipro|Cognizant|Accenture,B.Tech Law|MBA|B.Sc,https://www.state-university-patna-73.edu.in,True,"State University Patna 73 is a premier government institution located in Patna, Bihar. Established in 1956, it is highly ranked in Law.",kaggle_fallback
Dehradun Institute of Management 74,dehradun-institute-of-management-74,Dehradun,Uttarakhand,PRIVATE,1972,167,Management,B++,3.5,849,112861,159708,60.4,13.4,10.4,TCS|Infosys|Wipro|Cognizant|Accenture,B.Tech Management|MBA|B.Sc,https://www.dehradun-institute-of-management-74.edu.in,True,"Dehradun Institute of Management 74 is a premier private institution located in Dehradun, Uttarakhand. Established in 1972, it is highly ranked in Management.",kaggle_fallback
State University Kochi 75,state-university-kochi-75,Kochi,Kerala,DEEMED,2000,192,Management,B++,3.6,1049,433224,520761,61.1,7.1,43.7,TCS|Infosys|Wipro|Cognizant|Accenture,B.Tech Management|MBA|B.Sc,https://www.state-university-kochi-75.edu.in,True,"State University Kochi 75 is a premier deemed institution located in Kochi, Kerala. Established in 2000, it is highly ranked in Management.",kaggle_fallback
Amity University Dehradun 76,amity-university-dehradun-76,Dehradun,Uttarakhand,PRIVATE,1983,168,Management,A++,3.8,4210,495947,704654,77.1,13.4,12.0,TCS|Infosys|Wipro|Cognizant|Accenture,B.Tech Management|MBA|B.Sc,https://www.amity-university-dehradun-76.edu.in,True,"Amity University Dehradun 76 is a premier private institution located in Dehradun, Uttarakhand. Established in 1983, it is highly ranked in Management.",kaggle_fallback
Raipur Institute of Medical 77,raipur-institute-of-medical-77,Raipur,Chhattisgarh,PRIVATE,1964,135,Medical,B++,3.7,138,365263,523532,76.3,8.5,11.1,TCS|Infosys|Wipro|Cognizant|Accenture,B.Tech Medical|MBA|B.Sc,https://www.raipur-institute-of-medical-77.edu.in,True,"Raipur Institute of Medical 77 is a premier private institution located in Raipur, Chhattisgarh. Established in 1964, it is highly ranked in Medical.",kaggle_fallback
State University Raipur 78,state-university-raipur-78,Raipur,Chhattisgarh,GOVERNMENT,1987,151,Management,A,3.6,2955,245964,358907,85.8,5.4,28.4,TCS|Infosys|Wipro|Cognizant|Accenture,B.Tech Management|MBA|B.Sc,https://www.state-university-raipur-78.edu.in,True,"State University Raipur 78 is a premier government institution located in Raipur, Chhattisgarh. Established in 1987, it is highly ranked in Management.",kaggle_fallback
State University Bhopal 79,state-university-bhopal-79,Bhopal,Madhya Pradesh,GOVERNMENT,1990,155,Science,B++,4.9,1881,85419,108184,61.5,10.5,11.9,TCS|Infosys|Wipro|Cognizant|Accenture,B.Tech Science|MBA|B.Sc,https://www.state-university-bhopal-79.edu.in,True,"State University Bhopal 79 is a premier government institution located in Bhopal, Madhya Pradesh. Established in 1990, it is highly ranked in Science.",kaggle_fallback
State University Dehradun 80,state-university-dehradun-80,Dehradun,Uttarakhand,GOVERNMENT,1968,99,Medical,A++,4.1,3587,447241,517197,72.9,5.2,37.4,TCS|Infosys|Wipro|Cognizant|Accenture,B.Tech Medical|MBA|B.Sc,https://www.state-university-dehradun-80.edu.in,True,"State University Dehradun 80 is a premier government institution located in Dehradun, Uttarakhand. Established in 1968, it is highly ranked in Medical.",kaggle_fallback
State University Jaipur 81,state-university-jaipur-81,Jaipur,Rajasthan,GOVERNMENT,1995,91,Commerce,A+,4.3,1811,224913,333475,67.9,14.8,13.9,TCS|Infosys|Wipro|Cognizant|Accenture,B.Tech Commerce|MBA|B.Sc,https://www.state-university-jaipur-81.edu.in,True,"State University Jaipur 81 is a premier government institution located in Jaipur, Rajasthan. Established in 1995, it is highly ranked in Commerce.",kaggle_fallback
State University Patna 82,state-university-patna-82,Patna,Bihar,GOVERNMENT,1940,165,Arts,A,4.8,168,126123,174328,79.1,12.2,32.5,TCS|Infosys|Wipro|Cognizant|Accenture,B.Tech Arts|MBA|B.Sc,https://www.state-university-patna-82.edu.in,True,"State University Patna 82 is a premier government institution located in Patna, Bihar. Established in 1940, it is highly ranked in Arts.",kaggle_fallback
State University Pune 83,state-university-pune-83,Pune,Maharashtra,DEEMED,1999,59,Management,A,4.0,3732,332166,412620,84.8,13.6,30.5,TCS|Infosys|Wipro|Cognizant|Accenture,B.Tech Management|MBA|B.Sc,https://www.state-university-pune-83.edu.in,True,"State University Pune 83 is a premier deemed institution located in Pune, Maharashtra. Established in 1999, it is highly ranked in Management.",kaggle_fallback
Amity University Raipur 84,amity-university-raipur-84,Raipur,Chhattisgarh,PRIVATE,1974,151,Law,B++,4.2,2916,140110,179780,81.1,4.9,35.6,TCS|Infosys|Wipro|Cognizant|Accenture,B.Tech Law|MBA|B.Sc,https://www.amity-university-raipur-84.edu.in,True,"Amity University Raipur 84 is a premier private institution located in Raipur, Chhattisgarh. Established in 1974, it is highly ranked in Law.",kaggle_fallback
Kochi Institute of Commerce 85,kochi-institute-of-commerce-85,Kochi,Kerala,PRIVATE,2005,150,Commerce,A+,3.8,232,481529,582319,77.6,7.2,31.1,TCS|Infosys|Wipro|Cognizant|Accenture,B.Tech Commerce|MBA|B.Sc,https://www.kochi-institute-of-commerce-85.edu.in,True,"Kochi Institute of Commerce 85 is a premier private institution located in Kochi, Kerala. Established in 2005, it is highly ranked in Commerce.",kaggle_fallback
State University Dehradun 86,state-university-dehradun-86,Dehradun,Uttarakhand,GOVERNMENT,1962,174,Medical,B++,3.6,3266,230719,264290,62.3,5.2,24.9,TCS|Infosys|Wipro|Cognizant|Accenture,B.Tech Medical|MBA|B.Sc,https://www.state-university-dehradun-86.edu.in,True,"State University Dehradun 86 is a premier government institution located in Dehradun, Uttarakhand. Established in 1962, it is highly ranked in Medical.",kaggle_fallback
Dehradun Institute of Arts 87,dehradun-institute-of-arts-87,Dehradun,Uttarakhand,PRIVATE,1975,126,Arts,A,4.8,3082,380315,545115,91.1,5.2,28.7,TCS|Infosys|Wipro|Cognizant|Accenture,B.Tech Arts|MBA|B.Sc,https://www.dehradun-institute-of-arts-87.edu.in,True,"Dehradun Institute of Arts 87 is a premier private institution located in Dehradun, Uttarakhand. Established in 1975, it is highly ranked in Arts.",kaggle_fallback
State University Pune 88,state-university-pune-88,Pune,Maharashtra,GOVERNMENT,2013,154,Management,A++,3.9,4271,300438,447835,71.0,11.6,25.8,TCS|Infosys|Wipro|Cognizant|Accenture,B.Tech Management|MBA|B.Sc,https://www.state-university-pune-88.edu.in,True,"State University Pune 88 is a premier government institution located in Pune, Maharashtra. Established in 2013, it is highly ranked in Management.",kaggle_fallback
Chandigarh Institute of Engineering 89,chandigarh-institute-of-engineering-89,Chandigarh,Chandigarh,PRIVATE,1950,136,Engineering,A++,4.8,3945,177469,223424,77.0,14.1,19.2,TCS|Infosys|Wipro|Cognizant|Accenture,B.Tech Engineering|MBA|B.Sc,https://www.chandigarh-institute-of-engineering-89.edu.in,True,"Chandigarh Institute of Engineering 89 is a premier private institution located in Chandigarh, Chandigarh. Established in 1950, it is highly ranked in Engineering.",kaggle_fallback
State University Jaipur 90,state-university-jaipur-90,Jaipur,Rajasthan,DEEMED,1958,101,Engineering,B++,4.2,618,462960,606874,66.4,11.6,19.6,TCS|Infosys|Wipro|Cognizant|Accenture,B.Tech Engineering|MBA|B.Sc,https://www.state-university-jaipur-90.edu.in,True,"State University Jaipur 90 is a premier deemed institution located in Jaipur, Rajasthan. Established in 1958, it is highly ranked in Engineering.",kaggle_fallback
State University Nagpur 91,state-university-nagpur-91,Nagpur,Maharashtra,DEEMED,1979,173,Medical,A++,3.9,3575,208532,245284,80.1,8.7,14.7,TCS|Infosys|Wipro|Cognizant|Accenture,B.Tech Medical|MBA|B.Sc,https://www.state-university-nagpur-91.edu.in,True,"State University Nagpur 91 is a premier deemed institution located in Nagpur, Maharashtra. Established in 1979, it is highly ranked in Medical.",kaggle_fallback
Amity University Dehradun 92,amity-university-dehradun-92,Dehradun,Uttarakhand,PRIVATE,2011,116,Commerce,B++,4.1,2172,240223,303698,87.9,12.9,31.5,TCS|Infosys|Wipro|Cognizant|Accenture,B.Tech Commerce|MBA|B.Sc,https://www.amity-university-dehradun-92.edu.in,True,"Amity University Dehradun 92 is a premier private institution located in Dehradun, Uttarakhand. Established in 2011, it is highly ranked in Commerce.",kaggle_fallback
State University Nagpur 93,state-university-nagpur-93,Nagpur,Maharashtra,GOVERNMENT,1986,122,Medical,A,3.8,187,383500,550957,74.0,6.2,35.7,TCS|Infosys|Wipro|Cognizant|Accenture,B.Tech Medical|MBA|B.Sc,https://www.state-university-nagpur-93.edu.in,True,"State University Nagpur 93 is a premier government institution located in Nagpur, Maharashtra. Established in 1986, it is highly ranked in Medical.",kaggle_fallback
Raipur Institute of Management 94,raipur-institute-of-management-94,Raipur,Chhattisgarh,PRIVATE,1941,58,Management,A,4.7,4111,313648,423933,91.4,13.9,43.9,TCS|Infosys|Wipro|Cognizant|Accenture,B.Tech Management|MBA|B.Sc,https://www.raipur-institute-of-management-94.edu.in,True,"Raipur Institute of Management 94 is a premier private institution located in Raipur, Chhattisgarh. Established in 1941, it is highly ranked in Management.",kaggle_fallback
State University Kochi 95,state-university-kochi-95,Kochi,Kerala,DEEMED,1971,80,Commerce,A,4.5,1932,78318,115785,82.5,13.6,41.4,TCS|Infosys|Wipro|Cognizant|Accenture,B.Tech Commerce|MBA|B.Sc,https://www.state-university-kochi-95.edu.in,True,"State University Kochi 95 is a premier deemed institution located in Kochi, Kerala. Established in 1971, it is highly ranked in Commerce.",kaggle_fallback
Amity University Raipur 96,amity-university-raipur-96,Raipur,Chhattisgarh,PRIVATE,1969,73,Law,A++,3.8,754,449713,546515,72.7,4.5,39.8,TCS|Infosys|Wipro|Cognizant|Accenture,B.Tech Law|MBA|B.Sc,https://www.amity-university-raipur-96.edu.in,True,"Amity University Raipur 96 is a premier private institution located in Raipur, Chhattisgarh. Established in 1969, it is highly ranked in Law.",kaggle_fallback
State University Nagpur 97,state-university-nagpur-97,Nagpur,Maharashtra,GOVERNMENT,1960,98,Management,B++,3.8,4091,391151,476668,70.7,11.1,17.5,TCS|Infosys|Wipro|Cognizant|Accenture,B.Tech Management|MBA|B.Sc,https://www.state-university-nagpur-97.edu.in,True,"State University Nagpur 97 is a premier government institution located in Nagpur, Maharashtra. Established in 1960, it is highly ranked in Management.",kaggle_fallback
Patna Institute of Science 98,patna-institute-of-science-98,Patna,Bihar,PRIVATE,2004,189,Science,B++,4.8,3868,408886,469192,94.9,11.8,23.3,TCS|Infosys|Wipro|Cognizant|Accenture,B.Tech Science|MBA|B.Sc,https://www.patna-institute-of-science-98.edu.in,True,"Patna Institute of Science 98 is a premier private institution located in Patna, Bihar. Established in 2004, it is highly ranked in Science.",kaggle_fallback
Raipur Institute of Law 99,raipur-institute-of-law-99,Raipur,Chhattisgarh,PRIVATE,1999,182,Law,A+,4.1,2449,179768,207627,80.0,4.9,12.8,TCS|Infosys|Wipro|Cognizant|Accenture,B.Tech Law|MBA|B.Sc,https://www.raipur-institute-of-law-99.edu.in,True,"Raipur Institute of Law 99 is a premier private institution located in Raipur, Chhattisgarh. Established in 1999, it is highly ranked in Law.",kaggle_fallback
Amity University Nagpur 100,amity-university-nagpur-100,Nagpur,Maharashtra,PRIVATE,1965,54,Arts,A++,4.0,3591,489964,681680,75.8,9.1,15.9,TCS|Infosys|Wipro|Cognizant|Accenture,B.Tech Arts|MBA|B.Sc,https://www.amity-university-nagpur-100.edu.in,True,"Amity University Nagpur 100 is a premier private institution located in Nagpur, Maharashtra. Established in 1965, it is highly ranked in Arts.",kaggle_fallback
State University Patna 101,state-university-patna-101,Patna,Bihar,GOVERNMENT,1987,194,Engineering,A++,4.7,3354,372585,414084,89.2,13.7,35.9,TCS|Infosys|Wipro|Cognizant|Accenture,B.Tech Engineering|MBA|B.Sc,https://www.state-university-patna-101.edu.in,True,"State University Patna 101 is a premier government institution located in Patna, Bihar. Established in 1987, it is highly ranked in Engineering.",kaggle_fallback
Dehradun Institute of Law 102,dehradun-institute-of-law-102,Dehradun,Uttarakhand,PRIVATE,1969,136,Law,A++,4.5,2086,101162,129534,61.3,13.8,24.2,TCS|Infosys|Wipro|Cognizant|Accenture,B.Tech Law|MBA|B.Sc,https://www.dehradun-institute-of-law-102.edu.in,True,"Dehradun Institute of Law 102 is a premier private institution located in Dehradun, Uttarakhand. Established in 1969, it is highly ranked in Law.",kaggle_fallback
State University Jaipur 103,state-university-jaipur-103,Jaipur,Rajasthan,DEEMED,1981,153,Law,B++,4.3,2886,267342,370405,72.4,14.3,19.3,TCS|Infosys|Wipro|Cognizant|Accenture,B.Tech Law|MBA|B.Sc,https://www.state-university-jaipur-103.edu.in,True,"State University Jaipur 103 is a premier deemed institution located in Jaipur, Rajasthan. Established in 1981, it is highly ranked in Law.",kaggle_fallback
State University Chandigarh 104,state-university-chandigarh-104,Chandigarh,Chandigarh,GOVERNMENT,1966,73,Science,A++,4.5,2261,476658,649833,94.4,7.1,16.9,TCS|Infosys|Wipro|Cognizant|Accenture,B.Tech Science|MBA|B.Sc,https://www.state-university-chandigarh-104.edu.in,True,"State University Chandigarh 104 is a premier government institution located in Chandigarh, Chandigarh. Established in 1966, it is highly ranked in Science.",kaggle_fallback
Kochi Institute of Engineering 105,kochi-institute-of-engineering-105,Kochi,Kerala,PRIVATE,1988,95,Engineering,A++,4.2,642,89136,126531,92.6,8.6,41.6,TCS|Infosys|Wipro|Cognizant|Accenture,B.Tech Engineering|MBA|B.Sc,https://www.kochi-institute-of-engineering-105.edu.in,True,"Kochi Institute of Engineering 105 is a premier private institution located in Kochi, Kerala. Established in 1988, it is highly ranked in Engineering.",kaggle_fallback
State University Bhopal 106,state-university-bhopal-106,Bhopal,Madhya Pradesh,DEEMED,1999,95,Medical,A++,4.0,1566,356236,467491,80.2,12.6,26.5,TCS|Infosys|Wipro|Cognizant|Accenture,B.Tech Medical|MBA|B.Sc,https://www.state-university-bhopal-106.edu.in,True,"State University Bhopal 106 is a premier deemed institution located in Bhopal, Madhya Pradesh. Established in 1999, it is highly ranked in Medical.",kaggle_fallback
Patna Institute of Management 107,patna-institute-of-management-107,Patna,Bihar,PRIVATE,1986,98,Management,A,4.5,1732,375197,535339,73.5,11.6,17.7,TCS|Infosys|Wipro|Cognizant|Accenture,B.Tech Management|MBA|B.Sc,https://www.patna-institute-of-management-107.edu.in,True,"Patna Institute of Management 107 is a premier private institution located in Patna, Bihar. Established in 1986, it is highly ranked in Management.",kaggle_fallback
State University Jaipur 108,state-university-jaipur-108,Jaipur,Rajasthan,GOVERNMENT,1957,180,Management,A+,4.1,491,158802,189191,88.5,5.4,43.0,TCS|Infosys|Wipro|Cognizant|Accenture,B.Tech Management|MBA|B.Sc,https://www.state-university-jaipur-108.edu.in,True,"State University Jaipur 108 is a premier government institution located in Jaipur, Rajasthan. Established in 1957, it is highly ranked in Management.",kaggle_fallback
Dehradun Institute of Law 109,dehradun-institute-of-law-109,Dehradun,Uttarakhand,PRIVATE,1973,116,Law,A,4.1,2010,344110,423120,66.9,9.4,34.5,TCS|Infosys|Wipro|Cognizant|Accenture,B.Tech Law|MBA|B.Sc,https://www.dehradun-institute-of-law-109.edu.in,True,"Dehradun Institute of Law 109 is a premier private institution located in Dehradun, Uttarakhand. Established in 1973, it is highly ranked in Law.",kaggle_fallback
State University Pune 110,state-university-pune-110,Pune,Maharashtra,GOVERNMENT,1971,113,Arts,B++,3.6,4210,470596,642779,61.7,14.0,32.6,TCS|Infosys|Wipro|Cognizant|Accenture,B.Tech Arts|MBA|B.Sc,https://www.state-university-pune-110.edu.in,True,"State University Pune 110 is a premier government institution located in Pune, Maharashtra. Established in 1971, it is highly ranked in Arts.",kaggle_fallback
State University Pune 111,state-university-pune-111,Pune,Maharashtra,DEEMED,1965,121,Management,A++,3.6,1609,303635,373557,79.7,5.4,21.3,TCS|Infosys|Wipro|Cognizant|Accenture,B.Tech Management|MBA|B.Sc,https://www.state-university-pune-111.edu.in,True,"State University Pune 111 is a premier deemed institution located in Pune, Maharashtra. Established in 1965, it is highly ranked in Management.",kaggle_fallback
Amity University Nagpur 112,amity-university-nagpur-112,Nagpur,Maharashtra,PRIVATE,1990,77,Science,A+,3.8,4743,429021,499274,93.6,12.6,27.1,TCS|Infosys|Wipro|Cognizant|Accenture,B.Tech Science|MBA|B.Sc,https://www.amity-university-nagpur-112.edu.in,True,"Amity University Nagpur 112 is a premier private institution located in Nagpur, Maharashtra. Established in 1990, it is highly ranked in Science.",kaggle_fallback
State University Kochi 113,state-university-kochi-113,Kochi,Kerala,DEEMED,1986,173,Science,A,3.9,1852,192914,229748,72.7,6.6,16.2,TCS|Infosys|Wipro|Cognizant|Accenture,B.Tech Science|MBA|B.Sc,https://www.state-university-kochi-113.edu.in,True,"State University Kochi 113 is a premier deemed institution located in Kochi, Kerala. Established in 1986, it is highly ranked in Science.",kaggle_fallback
State University Raipur 114,state-university-raipur-114,Raipur,Chhattisgarh,GOVERNMENT,1993,111,Engineering,B++,4.2,331,493458,627011,91.4,9.5,11.3,TCS|Infosys|Wipro|Cognizant|Accenture,B.Tech Engineering|MBA|B.Sc,https://www.state-university-raipur-114.edu.in,True,"State University Raipur 114 is a premier government institution located in Raipur, Chhattisgarh. Established in 1993, it is highly ranked in Engineering.",kaggle_fallback
State University Bhopal 115,state-university-bhopal-115,Bhopal,Madhya Pradesh,DEEMED,1964,193,Management,A+,4.5,100,385190,489072,79.0,12.7,43.8,TCS|Infosys|Wipro|Cognizant|Accenture,B.Tech Management|MBA|B.Sc,https://www.state-university-bhopal-115.edu.in,True,"State University Bhopal 115 is a premier deemed institution located in Bhopal, Madhya Pradesh. Established in 1964, it is highly ranked in Management.",kaggle_fallback
State University Raipur 116,state-university-raipur-116,Raipur,Chhattisgarh,DEEMED,1978,158,Science,B++,4.4,3172,123073,178137,75.4,11.4,19.5,TCS|Infosys|Wipro|Cognizant|Accenture,B.Tech Science|MBA|B.Sc,https://www.state-university-raipur-116.edu.in,True,"State University Raipur 116 is a premier deemed institution located in Raipur, Chhattisgarh. Established in 1978, it is highly ranked in Science.",kaggle_fallback
Kochi Institute of Arts 117,kochi-institute-of-arts-117,Kochi,Kerala,PRIVATE,1959,114,Arts,B++,4.0,507,156117,222415,88.1,5.5,31.4,TCS|Infosys|Wipro|Cognizant|Accenture,B.Tech Arts|MBA|B.Sc,https://www.kochi-institute-of-arts-117.edu.in,True,"Kochi Institute of Arts 117 is a premier private institution located in Kochi, Kerala. Established in 1959, it is highly ranked in Arts.",kaggle_fallback
Jaipur Institute of Arts 118,jaipur-institute-of-arts-118,Jaipur,Rajasthan,PRIVATE,1964,134,Arts,A,4.3,1699,365642,436876,62.2,12.2,11.9,TCS|Infosys|Wipro|Cognizant|Accenture,B.Tech Arts|MBA|B.Sc,https://www.jaipur-institute-of-arts-118.edu.in,True,"Jaipur Institute of Arts 118 is a premier private institution located in Jaipur, Rajasthan. Established in 1964, it is highly ranked in Arts.",kaggle_fallback
Dehradun Institute of Management 119,dehradun-institute-of-management-119,Dehradun,Uttarakhand,PRIVATE,1971,137,Management,A,4.7,1769,437695,517031,72.7,8.5,19.5,TCS|Infosys|Wipro|Cognizant|Accenture,B.Tech Management|MBA|B.Sc,https://www.dehradun-institute-of-management-119.edu.in,True,"Dehradun Institute of Management 119 is a premier private institution located in Dehradun, Uttarakhand. Established in 1971, it is highly ranked in Management.",kaggle_fallback
State University Nagpur 120,state-university-nagpur-120,Nagpur,Maharashtra,GOVERNMENT,1984,128,Management,A++,3.7,990,444253,544756,94.4,7.8,26.0,TCS|Infosys|Wipro|Cognizant|Accenture,B.Tech Management|MBA|B.Sc,https://www.state-university-nagpur-120.edu.in,True,"State University Nagpur 120 is a premier government institution located in Nagpur, Maharashtra. Established in 1984, it is highly ranked in Management.",kaggle_fallback
State University Bhopal 121,state-university-bhopal-121,Bhopal,Madhya Pradesh,GOVERNMENT,1982,159,Medical,A++,4.7,2230,250328,296494,63.5,7.3,29.9,TCS|Infosys|Wipro|Cognizant|Accenture,B.Tech Medical|MBA|B.Sc,https://www.state-university-bhopal-121.edu.in,True,"State University Bhopal 121 is a premier government institution located in Bhopal, Madhya Pradesh. Established in 1982, it is highly ranked in Medical.",kaggle_fallback
Raipur Institute of Engineering 122,raipur-institute-of-engineering-122,Raipur,Chhattisgarh,PRIVATE,1953,180,Engineering,A+,4.1,3751,349564,438312,91.8,5.2,43.0,TCS|Infosys|Wipro|Cognizant|Accenture,B.Tech Engineering|MBA|B.Sc,https://www.raipur-institute-of-engineering-122.edu.in,True,"Raipur Institute of Engineering 122 is a premier private institution located in Raipur, Chhattisgarh. Established in 1953, it is highly ranked in Engineering.",kaggle_fallback
State University Raipur 123,state-university-raipur-123,Raipur,Chhattisgarh,GOVERNMENT,1979,89,Arts,A+,4.2,4102,127157,145774,67.6,14.4,18.4,TCS|Infosys|Wipro|Cognizant|Accenture,B.Tech Arts|MBA|B.Sc,https://www.state-university-raipur-123.edu.in,True,"State University Raipur 123 is a premier government institution located in Raipur, Chhattisgarh. Established in 1979, it is highly ranked in Arts.",kaggle_fallback
Amity University Bhopal 124,amity-university-bhopal-124,Bhopal,Madhya Pradesh,PRIVATE,1971,77,Commerce,B++,3.9,431,364499,461504,72.1,12.3,16.8,TCS|Infosys|Wipro|Cognizant|Accenture,B.Tech Commerce|MBA|B.Sc,https://www.amity-university-bhopal-124.edu.in,True,"Amity University Bhopal 124 is a premier private institution located in Bhopal, Madhya Pradesh. Established in 1971, it is highly ranked in Commerce.",kaggle_fallback
State University Nagpur 125,state-university-nagpur-125,Nagpur,Maharashtra,GOVERNMENT,1941,119,Commerce,A++,4.8,3622,406458,572613,85.7,14.9,24.1,TCS|Infosys|Wipro|Cognizant|Accenture,B.Tech Commerce|MBA|B.Sc,https://www.state-university-nagpur-125.edu.in,True,"State University Nagpur 125 is a premier government institution located in Nagpur, Maharashtra. Established in 1941, it is highly ranked in Commerce.",kaggle_fallback
State University Nagpur 126,state-university-nagpur-126,Nagpur,Maharashtra,DEEMED,1948,131,Science,A++,4.4,4220,484706,718048,60.3,7.5,17.5,TCS|Infosys|Wipro|Cognizant|Accenture,B.Tech Science|MBA|B.Sc,https://www.state-university-nagpur-126.edu.in,True,"State University Nagpur 126 is a premier deemed institution located in Nagpur, Maharashtra. Established in 1948, it is highly ranked in Science.",kaggle_fallback
State University Raipur 127,state-university-raipur-127,Raipur,Chhattisgarh,DEEMED,1980,178,Law,A++,4.8,2339,212382,267744,87.3,9.6,42.2,TCS|Infosys|Wipro|Cognizant|Accenture,B.Tech Law|MBA|B.Sc,https://www.state-university-raipur-127.edu.in,True,"State University Raipur 127 is a premier deemed institution located in Raipur, Chhattisgarh. Established in 1980, it is highly ranked in Law.",kaggle_fallback
State University Kochi 128,state-university-kochi-128,Kochi,Kerala,GOVERNMENT,1957,136,Medical,B++,4.4,4467,334072,463007,74.9,12.9,43.8,TCS|Infosys|Wipro|Cognizant|Accenture,B.Tech Medical|MBA|B.Sc,https://www.state-university-kochi-128.edu.in,True,"State University Kochi 128 is a premier government institution located in Kochi, Kerala. Established in 1957, it is highly ranked in Medical.",kaggle_fallback
Dehradun Institute of Law 129,dehradun-institute-of-law-129,Dehradun,Uttarakhand,PRIVATE,2015,135,Law,A++,4.0,1989,173672,194397,72.3,8.0,29.2,TCS|Infosys|Wipro|Cognizant|Accenture,B.Tech Law|MBA|B.Sc,https://www.dehradun-institute-of-law-129.edu.in,True,"Dehradun Institute of Law 129 is a premier private institution located in Dehradun, Uttarakhand. Established in 2015, it is highly ranked in Law.",kaggle_fallback
State University Nagpur 130,state-university-nagpur-130,Nagpur,Maharashtra,GOVERNMENT,2012,136,Medical,B++,4.6,4672,220528,269839,66.3,13.5,22.2,TCS|Infosys|Wipro|Cognizant|Accenture,B.Tech Medical|MBA|B.Sc,https://www.state-university-nagpur-130.edu.in,True,"State University Nagpur 130 is a premier government institution located in Nagpur, Maharashtra. Established in 2012, it is highly ranked in Medical.",kaggle_fallback
Chandigarh Institute of Commerce 131,chandigarh-institute-of-commerce-131,Chandigarh,Chandigarh,PRIVATE,2008,153,Commerce,A,3.9,148,420591,569809,81.6,12.5,18.2,TCS|Infosys|Wipro|Cognizant|Accenture,B.Tech Commerce|MBA|B.Sc,https://www.chandigarh-institute-of-commerce-131.edu.in,True,"Chandigarh Institute of Commerce 131 is a premier private institution located in Chandigarh, Chandigarh. Established in 2008, it is highly ranked in Commerce.",kaggle_fallback
State University Nagpur 132,state-university-nagpur-132,Nagpur,Maharashtra,GOVERNMENT,1957,61,Engineering,A,3.9,3901,121733,137006,69.7,6.0,10.2,TCS|Infosys|Wipro|Cognizant|Accenture,B.Tech Engineering|MBA|B.Sc,https://www.state-university-nagpur-132.edu.in,True,"State University Nagpur 132 is a premier government institution located in Nagpur, Maharashtra. Established in 1957, it is highly ranked in Engineering.",kaggle_fallback
State University Nagpur 133,state-university-nagpur-133,Nagpur,Maharashtra,DEEMED,1960,191,Engineering,A,3.9,649,311037,373216,68.6,12.4,22.7,TCS|Infosys|Wipro|Cognizant|Accenture,B.Tech Engineering|MBA|B.Sc,https://www.state-university-nagpur-133.edu.in,True,"State University Nagpur 133 is a premier deemed institution located in Nagpur, Maharashtra. Established in 1960, it is highly ranked in Engineering.",kaggle_fallback
Dehradun Institute of Arts 134,dehradun-institute-of-arts-134,Dehradun,Uttarakhand,PRIVATE,1954,53,Arts,A+,3.8,1708,128414,147574,84.9,8.1,43.5,TCS|Infosys|Wipro|Cognizant|Accenture,B.Tech Arts|MBA|B.Sc,https://www.dehradun-institute-of-arts-134.edu.in,True,"Dehradun Institute of Arts 134 is a premier private institution located in Dehradun, Uttarakhand. Established in 1954, it is highly ranked in Arts.",kaggle_fallback
State University Kochi 135,state-university-kochi-135,Kochi,Kerala,DEEMED,1993,52,Commerce,A+,4.7,4723,172401,195590,79.8,12.7,19.1,TCS|Infosys|Wipro|Cognizant|Accenture,B.Tech Commerce|MBA|B.Sc,https://www.state-university-kochi-135.edu.in,True,"State University Kochi 135 is a premier deemed institution located in Kochi, Kerala. Established in 1993, it is highly ranked in Commerce.",kaggle_fallback
Amity University Patna 136,amity-university-patna-136,Patna,Bihar,PRIVATE,1998,163,Law,B++,4.8,987,414182,600983,66.8,13.3,40.2,TCS|Infosys|Wipro|Cognizant|Accenture,B.Tech Law|MBA|B.Sc,https://www.amity-university-patna-136.edu.in,True,"Amity University Patna 136 is a premier private institution located in Patna, Bihar. Established in 1998, it is highly ranked in Law.",kaggle_fallback
Raipur Institute of Law 137,raipur-institute-of-law-137,Raipur,Chhattisgarh,PRIVATE,1983,115,Law,A,4.0,3114,240601,332384,92.8,8.0,17.7,TCS|Infosys|Wipro|Cognizant|Accenture,B.Tech Law|MBA|B.Sc,https://www.raipur-institute-of-law-137.edu.in,True,"Raipur Institute of Law 137 is a premier private institution located in Raipur, Chhattisgarh. Established in 1983, it is highly ranked in Law.",kaggle_fallback
State University Pune 138,state-university-pune-138,Pune,Maharashtra,GOVERNMENT,1946,195,Law,B++,4.6,3396,282497,343432,70.0,10.2,24.5,TCS|Infosys|Wipro|Cognizant|Accenture,B.Tech Law|MBA|B.Sc,https://www.state-university-pune-138.edu.in,True,"State University Pune 138 is a premier government institution located in Pune, Maharashtra. Established in 1946, it is highly ranked in Law.",kaggle_fallback
Raipur Institute of Law 139,raipur-institute-of-law-139,Raipur,Chhattisgarh,PRIVATE,1990,162,Law,B++,3.6,2179,297441,443003,68.2,6.9,21.0,TCS|Infosys|Wipro|Cognizant|Accenture,B.Tech Law|MBA|B.Sc,https://www.raipur-institute-of-law-139.edu.in,True,"Raipur Institute of Law 139 is a premier private institution located in Raipur, Chhattisgarh. Established in 1990, it is highly ranked in Law.",kaggle_fallback
State University Dehradun 140,state-university-dehradun-140,Dehradun,Uttarakhand,DEEMED,1965,156,Law,A,4.6,3398,113480,137289,71.3,8.8,43.6,TCS|Infosys|Wipro|Cognizant|Accenture,B.Tech Law|MBA|B.Sc,https://www.state-university-dehradun-140.edu.in,True,"State University Dehradun 140 is a premier deemed institution located in Dehradun, Uttarakhand. Established in 1965, it is highly ranked in Law.",kaggle_fallback
State University Jaipur 141,state-university-jaipur-141,Jaipur,Rajasthan,DEEMED,1987,173,Commerce,A++,4.4,171,123490,159236,78.3,14.2,27.3,TCS|Infosys|Wipro|Cognizant|Accenture,B.Tech Commerce|MBA|B.Sc,https://www.state-university-jaipur-141.edu.in,True,"State University Jaipur 141 is a premier deemed institution located in Jaipur, Rajasthan. Established in 1987, it is highly ranked in Commerce.",kaggle_fallback
State University Bhopal 142,state-university-bhopal-142,Bhopal,Madhya Pradesh,GOVERNMENT,1980,97,Commerce,A+,4.0,179,75392,83864,92.1,11.9,28.6,TCS|Infosys|Wipro|Cognizant|Accenture,B.Tech Commerce|MBA|B.Sc,https://www.state-university-bhopal-142.edu.in,True,"State University Bhopal 142 is a premier government institution located in Bhopal, Madhya Pradesh. Established in 1980, it is highly ranked in Commerce.",kaggle_fallback
Jaipur Institute of Science 143,jaipur-institute-of-science-143,Jaipur,Rajasthan,PRIVATE,1969,62,Science,A+,4.3,4064,327239,449893,80.4,11.3,40.0,TCS|Infosys|Wipro|Cognizant|Accenture,B.Tech Science|MBA|B.Sc,https://www.jaipur-institute-of-science-143.edu.in,True,"Jaipur Institute of Science 143 is a premier private institution located in Jaipur, Rajasthan. Established in 1969, it is highly ranked in Science.",kaggle_fallback
State University Kochi 144,state-university-kochi-144,Kochi,Kerala,DEEMED,1969,124,Commerce,A++,3.5,1460,140719,163699,68.2,11.8,26.0,TCS|Infosys|Wipro|Cognizant|Accenture,B.Tech Commerce|MBA|B.Sc,https://www.state-university-kochi-144.edu.in,True,"State University Kochi 144 is a premier deemed institution located in Kochi, Kerala. Established in 1969, it is highly ranked in Commerce.",kaggle_fallback
Raipur Institute of Arts 145,raipur-institute-of-arts-145,Raipur,Chhattisgarh,PRIVATE,1941,70,Arts,A+,4.3,3868,311467,428352,64.4,11.0,19.5,TCS|Infosys|Wipro|Cognizant|Accenture,B.Tech Arts|MBA|B.Sc,https://www.raipur-institute-of-arts-145.edu.in,True,"Raipur Institute of Arts 145 is a premier private institution located in Raipur, Chhattisgarh. Established in 1941, it is highly ranked in Arts.",kaggle_fallback
State University Raipur 146,state-university-raipur-146,Raipur,Chhattisgarh,DEEMED,1966,195,Management,A++,4.0,3398,215016,263037,74.9,5.1,20.5,TCS|Infosys|Wipro|Cognizant|Accenture,B.Tech Management|MBA|B.Sc,https://www.state-university-raipur-146.edu.in,True,"State University Raipur 146 is a premier deemed institution located in Raipur, Chhattisgarh. Established in 1966, it is highly ranked in Management.",kaggle_fallback
State University Raipur 147,state-university-raipur-147,Raipur,Chhattisgarh,GOVERNMENT,1992,187,Engineering,A++,4.9,3403,239991,295651,91.0,14.6,33.5,TCS|Infosys|Wipro|Cognizant|Accenture,B.Tech Engineering|MBA|B.Sc,https://www.state-university-raipur-147.edu.in,True,"State University Raipur 147 is a premier government institution located in Raipur, Chhattisgarh. Established in 1992, it is highly ranked in Engineering.",kaggle_fallback
State University Chandigarh 148,state-university-chandigarh-148,Chandigarh,Chandigarh,GOVERNMENT,2002,155,Management,B++,3.8,3684,427800,574130,77.9,9.8,16.5,TCS|Infosys|Wipro|Cognizant|Accenture,B.Tech Management|MBA|B.Sc,https://www.state-university-chandigarh-148.edu.in,True,"State University Chandigarh 148 is a premier government institution located in Chandigarh, Chandigarh. Established in 2002, it is highly ranked in Management.",kaggle_fallback
Pune Institute of Science 149,pune-institute-of-science-149,Pune,Maharashtra,PRIVATE,1984,54,Science,B++,4.6,4673,376139,443132,66.7,9.0,14.0,TCS|Infosys|Wipro|Cognizant|Accenture,B.Tech Science|MBA|B.Sc,https://www.pune-institute-of-science-149.edu.in,True,"Pune Institute of Science 149 is a premier private institution located in Pune, Maharashtra. Established in 1984, it is highly ranked in Science.",kaggle_fallback
State University Jaipur 150,state-university-jaipur-150,Jaipur,Rajasthan,GOVERNMENT,1992,105,Medical,A,4.3,993,98676,123869,70.6,9.5,21.2,TCS|Infosys|Wipro|Cognizant|Accenture,B.Tech Medical|MBA|B.Sc,https://www.state-university-jaipur-150.edu.in,True,"State University Jaipur 150 is a premier government institution located in Jaipur, Rajasthan. Established in 1992, it is highly ranked in Medical.",kaggle_fallback
Pune Institute of Science 151,pune-institute-of-science-151,Pune,Maharashtra,PRIVATE,1986,155,Science,A++,4.2,438,252588,359321,76.5,7.2,21.1,TCS|Infosys|Wipro|Cognizant|Accenture,B.Tech Science|MBA|B.Sc,https://www.pune-institute-of-science-151.edu.in,True,"Pune Institute of Science 151 is a premier private institution located in Pune, Maharashtra. Established in 1986, it is highly ranked in Science.",kaggle_fallback
State University Nagpur 152,state-university-nagpur-152,Nagpur,Maharashtra,DEEMED,1941,109,Arts,B++,3.9,4193,245451,354793,88.3,11.6,38.5,TCS|Infosys|Wipro|Cognizant|Accenture,B.Tech Arts|MBA|B.Sc,https://www.state-university-nagpur-152.edu.in,True,"State University Nagpur 152 is a premier deemed institution located in Nagpur, Maharashtra. Established in 1941, it is highly ranked in Arts.",kaggle_fallback
Pune Institute of Management 153,pune-institute-of-management-153,Pune,Maharashtra,PRIVATE,1968,50,Management,A,3.9,4836,455577,522974,75.7,4.5,38.4,TCS|Infosys|Wipro|Cognizant|Accenture,B.Tech Management|MBA|B.Sc,https://www.pune-institute-of-management-153.edu.in,True,"Pune Institute of Management 153 is a premier private institution located in Pune, Maharashtra. Established in 1968, it is highly ranked in Management.",kaggle_fallback
Chandigarh Institute of Engineering 154,chandigarh-institute-of-engineering-154,Chandigarh,Chandigarh,PRIVATE,1971,171,Engineering,A,4.2,3569,409476,533466,85.5,4.6,15.0,TCS|Infosys|Wipro|Cognizant|Accenture,B.Tech Engineering|MBA|B.Sc,https://www.chandigarh-institute-of-engineering-154.edu.in,True,"Chandigarh Institute of Engineering 154 is a premier private institution located in Chandigarh, Chandigarh. Established in 1971, it is highly ranked in Engineering.",kaggle_fallback
Dehradun Institute of Medical 155,dehradun-institute-of-medical-155,Dehradun,Uttarakhand,PRIVATE,1959,174,Medical,A+,4.6,2215,277454,413875,93.2,5.5,12.7,TCS|Infosys|Wipro|Cognizant|Accenture,B.Tech Medical|MBA|B.Sc,https://www.dehradun-institute-of-medical-155.edu.in,True,"Dehradun Institute of Medical 155 is a premier private institution located in Dehradun, Uttarakhand. Established in 1959, it is highly ranked in Medical.",kaggle_fallback
State University Bhopal 156,state-university-bhopal-156,Bhopal,Madhya Pradesh,DEEMED,1968,193,Medical,B++,4.5,2004,246689,357815,88.9,12.5,40.6,TCS|Infosys|Wipro|Cognizant|Accenture,B.Tech Medical|MBA|B.Sc,https://www.state-university-bhopal-156.edu.in,True,"State University Bhopal 156 is a premier deemed institution located in Bhopal, Madhya Pradesh. Established in 1968, it is highly ranked in Medical.",kaggle_fallback
State University Pune 157,state-university-pune-157,Pune,Maharashtra,GOVERNMENT,2008,94,Arts,B++,4.4,1290,250913,347088,82.6,14.6,27.2,TCS|Infosys|Wipro|Cognizant|Accenture,B.Tech Arts|MBA|B.Sc,https://www.state-university-pune-157.edu.in,True,"State University Pune 157 is a premier government institution located in Pune, Maharashtra. Established in 2008, it is highly ranked in Arts.",kaggle_fallback
State University Nagpur 158,state-university-nagpur-158,Nagpur,Maharashtra,GOVERNMENT,1999,91,Management,A++,4.5,3820,247821,329556,70.4,13.0,22.2,TCS|Infosys|Wipro|Cognizant|Accenture,B.Tech Management|MBA|B.Sc,https://www.state-university-nagpur-158.edu.in,True,"State University Nagpur 158 is a premier government institution located in Nagpur, Maharashtra. Established in 1999, it is highly ranked in Management.",kaggle_fallback
State University Bhopal 159,state-university-bhopal-159,Bhopal,Madhya Pradesh,DEEMED,1971,82,Medical,A++,3.6,276,294715,396997,64.0,7.3,42.7,TCS|Infosys|Wipro|Cognizant|Accenture,B.Tech Medical|MBA|B.Sc,https://www.state-university-bhopal-159.edu.in,True,"State University Bhopal 159 is a premier deemed institution located in Bhopal, Madhya Pradesh. Established in 1971, it is highly ranked in Medical.",kaggle_fallback
Amity University Raipur 160,amity-university-raipur-160,Raipur,Chhattisgarh,PRIVATE,2004,138,Science,A,3.9,3496,330955,480780,91.8,8.3,23.0,TCS|Infosys|Wipro|Cognizant|Accenture,B.Tech Science|MBA|B.Sc,https://www.amity-university-raipur-160.edu.in,True,"Amity University Raipur 160 is a premier private institution located in Raipur, Chhattisgarh. Established in 2004, it is highly ranked in Science.",kaggle_fallback
State University Bhopal 161,state-university-bhopal-161,Bhopal,Madhya Pradesh,DEEMED,1969,103,Management,B++,3.7,388,184609,245773,62.6,14.5,15.5,TCS|Infosys|Wipro|Cognizant|Accenture,B.Tech Management|MBA|B.Sc,https://www.state-university-bhopal-161.edu.in,True,"State University Bhopal 161 is a premier deemed institution located in Bhopal, Madhya Pradesh. Established in 1969, it is highly ranked in Management.",kaggle_fallback
Chandigarh Institute of Management 162,chandigarh-institute-of-management-162,Chandigarh,Chandigarh,PRIVATE,1998,132,Management,A++,4.0,4699,131963,195741,65.8,11.9,30.5,TCS|Infosys|Wipro|Cognizant|Accenture,B.Tech Management|MBA|B.Sc,https://www.chandigarh-institute-of-management-162.edu.in,True,"Chandigarh Institute of Management 162 is a premier private institution located in Chandigarh, Chandigarh. Established in 1998, it is highly ranked in Management.",kaggle_fallback
State University Patna 163,state-university-patna-163,Patna,Bihar,GOVERNMENT,1976,198,Law,A+,4.9,3353,176463,238081,62.0,6.1,24.9,TCS|Infosys|Wipro|Cognizant|Accenture,B.Tech Law|MBA|B.Sc,https://www.state-university-patna-163.edu.in,True,"State University Patna 163 is a premier government institution located in Patna, Bihar. Established in 1976, it is highly ranked in Law.",kaggle_fallback
Amity University Nagpur 164,amity-university-nagpur-164,Nagpur,Maharashtra,PRIVATE,1957,200,Law,A+,4.1,2259,375422,493360,66.1,12.5,16.5,TCS|Infosys|Wipro|Cognizant|Accenture,B.Tech Law|MBA|B.Sc,https://www.amity-university-nagpur-164.edu.in,True,"Amity University Nagpur 164 is a premier private institution located in Nagpur, Maharashtra. Established in 1957, it is highly ranked in Law.",kaggle_fallback
Nagpur Institute of Commerce 165,nagpur-institute-of-commerce-165,Nagpur,Maharashtra,PRIVATE,1964,144,Commerce,A+,4.2,2888,281275,354849,93.1,10.3,19.1,TCS|Infosys|Wipro|Cognizant|Accenture,B.Tech Commerce|MBA|B.Sc,https://www.nagpur-institute-of-commerce-165.edu.in,True,"Nagpur Institute of Commerce 165 is a premier private institution located in Nagpur, Maharashtra. Established in 1964, it is highly ranked in Commerce.",kaggle_fallback
State University Dehradun 166,state-university-dehradun-166,Dehradun,Uttarakhand,GOVERNMENT,1965,88,Medical,A++,4.4,2545,341958,470722,89.0,14.2,27.9,TCS|Infosys|Wipro|Cognizant|Accenture,B.Tech Medical|MBA|B.Sc,https://www.state-university-dehradun-166.edu.in,True,"State University Dehradun 166 is a premier government institution located in Dehradun, Uttarakhand. Established in 1965, it is highly ranked in Medical.",kaggle_fallback
State University Bhopal 167,state-university-bhopal-167,Bhopal,Madhya Pradesh,GOVERNMENT,2005,74,Law,A++,3.9,3904,233577,287410,62.3,13.3,22.9,TCS|Infosys|Wipro|Cognizant|Accenture,B.Tech Law|MBA|B.Sc,https://www.state-university-bhopal-167.edu.in,True,"State University Bhopal 167 is a premier government institution located in Bhopal, Madhya Pradesh. Established in 2005, it is highly ranked in Law.",kaggle_fallback
State University Kochi 168,state-university-kochi-168,Kochi,Kerala,DEEMED,1981,71,Management,A,4.5,3440,237974,334264,63.1,4.3,10.8,TCS|Infosys|Wipro|Cognizant|Accenture,B.Tech Management|MBA|B.Sc,https://www.state-university-kochi-168.edu.in,True,"State University Kochi 168 is a premier deemed institution located in Kochi, Kerala. Established in 1981, it is highly ranked in Management.",kaggle_fallback
State University Bhopal 169,state-university-bhopal-169,Bhopal,Madhya Pradesh,DEEMED,1991,151,Medical,A,3.8,4513,434016,549483,82.0,13.8,39.8,TCS|Infosys|Wipro|Cognizant|Accenture,B.Tech Medical|MBA|B.Sc,https://www.state-university-bhopal-169.edu.in,True,"State University Bhopal 169 is a premier deemed institution located in Bhopal, Madhya Pradesh. Established in 1991, it is highly ranked in Medical.",kaggle_fallback
Patna Institute of Management 170,patna-institute-of-management-170,Patna,Bihar,PRIVATE,2015,84,Management,B++,4.4,3628,220141,297048,66.3,5.8,23.4,TCS|Infosys|Wipro|Cognizant|Accenture,B.Tech Management|MBA|B.Sc,https://www.patna-institute-of-management-170.edu.in,True,"Patna Institute of Management 170 is a premier private institution located in Patna, Bihar. Established in 2015, it is highly ranked in Management.",kaggle_fallback
State University Kochi 171,state-university-kochi-171,Kochi,Kerala,DEEMED,1965,164,Medical,B++,4.6,4346,224559,327362,75.2,4.3,19.5,TCS|Infosys|Wipro|Cognizant|Accenture,B.Tech Medical|MBA|B.Sc,https://www.state-university-kochi-171.edu.in,True,"State University Kochi 171 is a premier deemed institution located in Kochi, Kerala. Established in 1965, it is highly ranked in Medical.",kaggle_fallback
State University Pune 172,state-university-pune-172,Pune,Maharashtra,GOVERNMENT,1960,91,Law,A,4.7,1288,355069,486408,91.7,5.7,40.5,TCS|Infosys|Wipro|Cognizant|Accenture,B.Tech Law|MBA|B.Sc,https://www.state-university-pune-172.edu.in,True,"State University Pune 172 is a premier government institution located in Pune, Maharashtra. Established in 1960, it is highly ranked in Law.",kaggle_fallback
State University Kochi 173,state-university-kochi-173,Kochi,Kerala,GOVERNMENT,1989,173,Medical,A,4.1,520,158580,224339,93.3,6.4,21.6,TCS|Infosys|Wipro|Cognizant|Accenture,B.Tech Medical|MBA|B.Sc,https://www.state-university-kochi-173.edu.in,True,"State University Kochi 173 is a premier government institution located in Kochi, Kerala. Established in 1989, it is highly ranked in Medical.",kaggle_fallback
State University Pune 174,state-university-pune-174,Pune,Maharashtra,GOVERNMENT,1980,134,Law,B++,4.1,2076,368224,520721,70.5,11.9,35.2,TCS|Infosys|Wipro|Cognizant|Accenture,B.Tech Law|MBA|B.Sc,https://www.state-university-pune-174.edu.in,True,"State University Pune 174 is a premier government institution located in Pune, Maharashtra. Established in 1980, it is highly ranked in Law.",kaggle_fallback
